key,en,zh-Hant,zh-Hans,ja,ko,es,fr,de,pt,vi,ar,ru
data.armorSet.Calmwaters.name,Calmwaters,江凝,,,고요한 물결,,,,,,,
data.armorSet.Formbend.name,Formbend,易相,,,역상,,,,,,,
data.armorSet.Moonflare.name,Moonflare,,,,월계,,,,,,,
data.arsenal.General.name,General,通用,,,일반,,,,,,,
data.bowRingSet.None.name,None,無,,,없음,,,,,,,
data.bowRingSet.Precision.name,Precision,精準,,,정확도,,,,,,,
data.breakthrough.16.name,16,,,,,,,,,,,
data.breakthrough.17.name,17,,,,,,,,,,,
data.buff.bamboocutKite.Cognition.description,"Each stack grants Martial Art Effects 2 of every attribute penetration. Heavenwill Gauntlets Falcon effects and Vile Condemned effects gain another 2 per stack. At Empirical Edge T6, Physical Penetration increases by the same amount.",,,,,,,,,,,
data.buff.bamboocutKite.Cognition.name,Cognition,格物,,,격물,,,,,,,
data.buff.bamboocutKite.Cognition.shortName,Cog,格物,,,격물,,,,,,,
data.buff.bamboocutKite.Etherwrath.description,"Increases all attack values by 1.2% per stack. At five stacks, Martial Art Effects gain 6 of every penetration type.",,,,,,,,,,,
data.buff.bamboocutKite.Etherwrath.name,Etherwrath,,,,정수,,,,,,,
data.buff.bamboocutKite.Etherwrath.shortName,EW,,,,정수,,,,,,,
data.buff.bamboocutKite.HeavensUnity.description,Increases Celestial Mandate's Heaven's Will generation from 0.1 to 0.3.,,,,,,,,,,,
data.buff.bamboocutKite.HeavensUnity.name,Heaven's Unity,,,,,,,,,,,
data.buff.bamboocutKite.HeavensUnity.shortName,Unity,,,,,,,,,,,
data.buff.bamboocutWind.Disintegration.description,Increase physical penetraion by 5 and critical damage by 5% per stack.,每層增加 5 點外功穿透及 5% 會心傷害。,,,"붕괴가 중첩될 때마다 자신의 외공 관통이 5pt 증가하고 치명타 피해 보너스가 5% 증가하며, 최대 5회까지 중첩된다.",,,,,,,
data.buff.bamboocutWind.Disintegration.name,Disintegration,崩解,,,붕괴,,,,,,,
data.buff.bamboocutWind.Disintegration.shortName,Dis,崩,,,붕괴,,,,,,,
data.buff.bellstrikeUmbra.Concentration.description,Increases Affinity DMG by 10%. Insightful Strike T3 also increases Direct Affinity Rate while active.,,,,,,,,,,,
data.buff.bellstrikeUmbra.Concentration.name,Concentration,,,,,,,,,,,
data.buff.bellstrikeUmbra.Concentration.shortName,Conc,,,,,,,,,,,
data.buff.general.Bloom.description,The spring outcome of Seasonal Edge.,,,,,,,,,,,
data.buff.general.Bloom.name,Bloom,春,,,,,,,,,,
data.buff.general.Bloom.shortName,Bloom,春,,,,,,,,,,
data.buff.general.Flare.description,"Increases All Martial Arts by 10%, plus another 10% above 75% HP.",,,,,,,,,,,
data.buff.general.Flare.name,Flare,夏,,,,,,,,,,
data.buff.general.Flare.shortName,Flare,夏,,,,,,,,,,
data.buff.general.Frost.description,The winter outcome of Seasonal Edge.,,,,,,,,,,,
data.buff.general.Frost.name,Frost,冬,,,,,,,,,,
data.buff.general.Frost.shortName,Frost,冬,,,,,,,,,,
data.buff.general.Hawkwing.description,Increases physical attack by 2% per stack.,,,,"외공 공격력이 2% 증가하며, 최대 5중첩까지 쌓인다.",,,,,,,
data.buff.general.Hawkwing.name,Hawkwing,,,,속공,,,,,,,
data.buff.general.Hawkwing.shortName,Hawk,,,,속공,,,,,,,
data.buff.general.Revelry.description,Increases damage dealt by 20%.,,,,자신이 주는 피해가 20% 증가한다.,,,,,,,
data.buff.general.Revelry.name,Revelry,,,,승환첩,,,,,,,
data.buff.general.Revelry.shortName,Revelry,,,,승환첩,,,,,,,
data.buff.general.SeasonalEdgeCooldown.description,Seasonal Edge cannot trigger while this effect is active.,,,,,,,,,,,
data.buff.general.SeasonalEdgeCooldown.name,Seasonal Edge Cooldown,,,,,,,,,,,
data.buff.general.SeasonalEdgeCooldown.shortName,SE CD,,,,,,,,,,,
data.buff.general.Shield.description,A general player shield.,通用角色護盾。,,,보호막,,,,,,,
data.buff.general.Shield.name,Shield,護盾,,,보호막,,,,,,,
data.buff.general.Shield.shortName,Shield,盾,,,보호막,,,,,,,
data.buff.general.Turnaround.description,"Refunds 30% of a Mystic skill's Vitality cost, up to 10 Vitality.",,,,,,,,,,,
data.buff.general.Turnaround.name,Turnaround,,,,,,,,,,,
data.buff.general.Turnaround.shortName,Turn,,,,,,,,,,,
data.buff.general.Yield.description,Increases Mystic Skill damage by 10% and restores 2 Vitality per second.,,,,,,,,,,,
data.buff.general.Yield.name,Yield,秋,,,,,,,,,,
data.buff.general.Yield.shortName,Yield,秋,,,,,,,,,,
data.buff.general.YiRiver.description,Increase damage by 1% and physical penetration by 2 per stack.,每層增加 1% 傷害及 2 點外功穿透。,,,"중첩당 외공 관통이 2pt를 증가하고, 피해 및 치유량 1% 증가한다.",,,,,,,
data.buff.general.YiRiver.name,Yi River,易水,,,결의의 노래,,,,,,,
data.buff.general.YiRiver.shortName,Yi,易,,,결의,,,,,,,
data.buff.mystic.DragonHeadTide.description,Increases damage by 0.45% per percentage point of HP missing at hit time.,命中時，每損失 1% 氣血，傷害增加 0.45%。,,,"잃은 기혈에 따른 스킬 피해 증가 효과가 더욱 강화되어, 최대 45%까지 상승한다.",,,,,,,
data.buff.mystic.DragonHeadTide.name,Dragon Head - Tide,葉龍驤首・疊浪,,,용의 진노 - 겹쳐진 파도,,,,,,,
data.buff.mystic.DragonHeadTide.shortName,DHT,浪龍,,,용진,,,,,,,
data.buff.mystic.EnhanceDrunkenPoet.description,Each stack increases Drunken Poet's fifth hit damage by 20%.,,,,중첩당 태백취권의 다섯 번째 타격 피해가 20% 증가한다.,,,,,,,
data.buff.mystic.EnhanceDrunkenPoet.name,Enhanced Drunken Poet,,,,태백 취권,,,,,,,
data.buff.mystic.EnhanceDrunkenPoet.shortName,EDP,,,,취권,,,,,,,
data.buff.mystic.Flute.description,Buff damage by the distance to the target.,根據與目標的距離提高傷害。,,,음파 속의 적을 공격할 때 거리 차이에 따라 피해가 증가한다.,,,,,,,
data.buff.mystic.Flute.name,Flute,簫,,,격랑의 파도,,,,,,,
data.buff.mystic.Flute.shortName,Flu,簫,,,피리,,,,,,,
data.buff.mystic.Intoxicated.description,Allow using Drunken Poet or Dragon's Breath.,允許使用醉詩或龍息。,,,신룡의 화염과 태백취권을 사용할 수 있다.,,,,,,,
data.buff.mystic.Intoxicated.name,Intoxicated,醉酒,,,취기,,,,,,,
data.buff.mystic.Intoxicated.shortName,Int,醉,,,취기,,,,,,,
data.buff.mystic.Mystery.description,From Ghostly Steps,來自鬼步。,,,음양의 조화,,,,,,,
data.buff.mystic.Mystery.name,Mystery,迷蹤,,,미궁,,,,,,,
data.buff.mystic.Mystery.shortName,Mys,迷,,,미궁,,,,,,,
data.buff.mystic.MysteryDMGBoost.description,From Ghostly Steps,來自鬼步。,,,음양의 조화,,,,,,,
data.buff.mystic.MysteryDMGBoost.name,Mystery DMG Boost,迷蹤增傷,,,음양 피해 증가,,,,,,,
data.buff.mystic.MysteryDMGBoost.shortName,MDMG,迷增,,,음양 피해 증가,,,,,,,
data.buff.mystic.MysteryUmbra.description,From Ghostly Steps - Umbra,來自鬼步・暗影變體。,,,음양의 조화 - 그림자,,,,,,,
data.buff.mystic.MysteryUmbra.name,Mystery - Umbra,迷蹤・影,,,미궁 - 그림자,,,,,,,
data.buff.mystic.MysteryUmbra.shortName,MyM,迷影,,,미궁 - 그림자,,,,,,,
data.buff.mystic.SurgingWaves.description,Boosts Dragon Head - Tide damage by 1.25% per stack. Doubles its base damage against an Exhausted target.,每層使龍首・潮的傷害提高 1.25%。對力竭目標時，其基礎傷害加倍。,,,중첩당 용의 진노 피해가 1.25% 증가한다. 탈진한 대상에게는 기본 피해가 두 배로 증가한다.,,,,,,,
data.buff.mystic.SurgingWaves.name,Surging Waves,滄浪勁,,,격랑의 파도,,,,,,,
data.buff.mystic.SurgingWaves.shortName,SW,浪,,,격랑의 파도,,,,,,,
data.buff.silkbindDeluge.FloatingGrace.description,Increases damage dealt by 10%.,,,,10%의 피해 증가 효과를 부여한다,,,,,,,
data.buff.silkbindDeluge.FloatingGrace.name,Floating Grace,一念浮生,,,소생의 향,,,,,,,
data.buff.silkbindDeluge.FloatingGrace.shortName,FG,,,,소생의 향,,,,,,,
data.buff.silkbindDeluge.FloatingGraceDeluge.description,Increases damage dealt by 24%.,,,,24%의 피해 증가 효과를 부여한다,,,,,,,
data.buff.silkbindDeluge.FloatingGraceDeluge.name,Floating Grace - Deluge,一念浮生 (霖),,,소생의 향 (림),,,,,,,
data.buff.silkbindDeluge.FloatingGraceDeluge.shortName,FGD,,,,소생의 향,,,,,,,
data.buff.stonesplitMight.Breakthrough.description,Increases Charged Skill damage by 42%.,蓄力技傷害提高 42%。,,,차지 스킬 피해가 42% 증가한다.,,,,,,,
data.buff.stonesplitMight.Breakthrough.name,Breakthrough,破陣,,,파진,,,,,,,
data.buff.stonesplitMight.Breakthrough.shortName,Breakthrough,破,,,파진,,,,,,,
data.buff.stonesplitMight.Drumbeat.description,Increases Charged Skill damage by 15%. Converted into Breakthrough by Predator's Shield.,蓄力技傷害提高 15%。使用掠食者之盾後轉化為突破。,,,차지 스킬 피해가 15% 증가한다. Predator's Shield 사용 시 파진으로 전환된다.,,,,,,,
data.buff.stonesplitMight.Drumbeat.name,Drumbeat,摧鼓,,,취고,,,,,,,
data.buff.stonesplitMight.Drumbeat.shortName,Drum,鼓,,,취고,,,,,,,
data.buff.stonesplitMight.HardenedFoe.description,Increases damage by 10% after a shield breaks.,護盾破裂後，傷害提高 10%。,,,보호막이 파괴되면 주는 피해 가 10% 증가한다.,,,,,,,
data.buff.stonesplitMight.HardenedFoe.name,Hardened Foe,硬荏,,,강단,,,,,,,
data.buff.stonesplitMight.HardenedFoe.shortName,Hardened,荏,,,강단,,,,,,,
data.buff.stonesplitStrength.Cadence.description,Attempts to grant Riposte whenever Cadence is applied.,每次套用絕韻時嘗試獲得防反。,,,,,,,,,,
data.buff.stonesplitStrength.Cadence.name,Cadence,絕韻,,,,,,,,,,
data.buff.stonesplitStrength.Cadence.shortName,Cad,韻,,,,,,,,,,
data.buff.stonesplitStrength.ChargeEnhancement.description,Burning Heart gains Inner Passion.,焚心獲得內在激情。,,,"마음속 불길로 탈진한 적을 타격하면, 불타는 투지를 얻습니다.",,,,,,,
data.buff.stonesplitStrength.ChargeEnhancement.name,Charge Enhancement,蓄力強化,,,차지 강화,,,,,,,
data.buff.stonesplitStrength.ChargeEnhancement.shortName,CE,蓄,,,차지 강화,,,,,,,
data.buff.stonesplitStrength.Cleftpeak.description,"Increase HP damage by 1% per stack. Additional 8% to Light VC, Heavy VC, Anxi Soldier, and its triggering skill at max stack.",每層提高 1% 氣血傷害。滿層時，輕派生、重派生、安西軍及其觸發技能額外提高 8%。,,,"중첩당 기혈 피해가 1% 증가한다. 최대 중첩에서는 약공격 연계, 강공격 연계, 안서군 및 안서군을 발동한 스킬의 피해가 추가로 8% 증가한다.",,,,,,,
data.buff.stonesplitStrength.Cleftpeak.name,Cleftpeak,斷嶽,,,단악,,,,,,,
data.buff.stonesplitStrength.Cleftpeak.shortName,Cp,嶽,,,단악,,,,,,,
data.buff.stonesplitStrength.Forgetfulness.description,Skip Snowparting LC charge time.,略過斬雪輕擊的蓄力時間。,,,차지 없이 무덤 위 서리를 시전할 수 있다.,,,,,,,
data.buff.stonesplitStrength.Forgetfulness.name,Forgetfulness,忘機,,,망각,,,,,,,
data.buff.stonesplitStrength.Forgetfulness.shortName,For,忘,,,망각,,,,,,,
data.buff.stonesplitStrength.InnerPassion.description,Hasten and increase damage to Burning Heart.,加速焚心並提高其傷害。,,,마음속 불길을 강화한다.,,,,,,,
data.buff.stonesplitStrength.InnerPassion.name,Inner Passion,熱血難涼,,,불타는 투지,,,,,,,
data.buff.stonesplitStrength.InnerPassion.shortName,IP,熱,,,불타는 투지,,,,,,,
data.buff.stonesplitStrength.IronGuard.description,Increases HP damage by 8%.,氣血傷害提高 8%。,,,기혈피해가 8% 증가 합니다.,,,,,,,
data.buff.stonesplitStrength.IronGuard.name,Iron Guard,鐵衣戍魂,,,강철의 무혼,,,,,,,
data.buff.stonesplitStrength.IronGuard.shortName,IG,戍,,,강철의 무혼,,,,,,,
data.buff.stonesplitStrength.MountainSplitter.description,Increase the critical damage of Burning Heart and Anxi Soldier by 10% and gain guaranteed crit.,焚心及安西軍的會心傷害提高 10%，且必定會心。,,,마음속 불길과 안서군의 치명타 피해가 10% 증가하고 반드시 치명타가 발생한다.,,,,,,,
data.buff.stonesplitStrength.MountainSplitter.name,Mountain Splitter,開山,,,개산,,,,,,,
data.buff.stonesplitStrength.MountainSplitter.shortName,MS,開,,,개산,,,,,,,
data.buff.stonesplitStrength.Riposte.description,Reduces the cast time of the next Avalanche by 2 seconds.,下一次崩山的施放時間減少 2 秒。,,,,,,,,,,
data.buff.stonesplitStrength.Riposte.name,Riposte,防反,,,반격,,,,,,,
data.buff.stonesplitStrength.Riposte.shortName,Rip,反,,,반격,,,,,,,
data.buff.stonesplitStrength.ThroatPierced.description,"Gain 2 Physical Penetration and 2% Critical Damage per stack. From T3, Light/Heavy Varied Combos gain an additional 1 Penetration and 1% Critical Damage per stack. From T6, Anxi Soldier and its triggering skill gain the same additional bonus.",每層獲得 2 點外功穿透及 2% 會心傷害。T3 起，輕／重派生每層額外獲得 1 點穿透及 1% 會心傷害。T6 起，安西軍及其觸發技能亦獲得相同的額外加成。,,,,,,,,,,
data.buff.stonesplitStrength.ThroatPierced.name,Throat-Pierced,穿喉,,,관목결,,,,,,,
data.buff.stonesplitStrength.ThroatPierced.shortName,TP,穿,,,관목결,,,,,,,
data.build.bamboocutKite.kiteFullMinBp.name,Full Min Build BP,,,,,,,,,,,
data.build.bamboocutKite.kiteFullyRelayedMax.name,Fully Relayed Max Build,大外全承音配裝,,,승음최대외공빌드,,,,,,,
data.build.bamboocutKite.kiteFullyRelayedMaxBp.name,Fully Relayed Max Build BP,,,,,,,,,,,
data.build.bamboocutKite.kiteFullyRelayedMin.name,Fully Relayed Min Build,,,,,,,,,,,
data.build.bamboocutKite.kiteFullyRelayedMinBp.name,Fully Relayed Min Build BP,,,,,,,,,,,
data.build.empty.name,Empty Build,空白配裝,,,비어있는 빌드,,,,,,,
data.build.silkbindDeluge.delugeFullMinEw.name,Full Min Build Etherwrath,,,,,,,,,,,
data.build.silkbindDeluge.delugeFullyRelayedMaxAffinity.name,Fully Relayed Max Build Affinity,,,,,,,,,,,
data.build.silkbindDeluge.delugeFullyRelayedMaxHw.name,Fully Relayed Max Build Hawkwing,,,,,,,,,,,
data.build.silkbindDeluge.delugeFullyRelayedMaxRw.name,Fully Relayed Max Build Rain Whisper,大外全承音配裝,,,승음최대외공빌드,,,,,,,
data.build.silkbindDeluge.delugeFullyRelayedMinEw.name,Fully Relayed Min Build Etherwrath,,,,,,,,,,,
data.build.silkbindDeluge.delugeFullyRelayedMinRw.name,Fully Relayed Min Build Rain Whisper,,,,,,,,,,,
data.build.stonesplitMight.mightFullMax.name,Full Max Build,,,,,,,,,,,
data.build.stonesplitMight.mightFullyRelayedMax.name,Fully Relayed Max Build,大外全承音配裝,,,승음최대외공빌드,,,,,,,
data.build.stonesplitStrength.mixedFullMin.name,Mixed Full Min Build,,,,,,,,,,,
data.build.stonesplitStrength.mixedFullyRelayedDoubleMin.name,Mixed Fully Relayed Double Min Build,小外小屬雙切全承音配裝,,,승음더블최소외공빌드,,,,,,,
data.build.stonesplitStrength.mixedFullyRelayedMax.name,Mixed Fully Relayed Max Build,大外雙切全承音配裝,,,승음최대외공빌드,,,,,,,
data.build.stonesplitStrength.mixedFullyRelayedMin.name,Mixed Fully Relayed Min Build,小外雙切全承音配裝,,,승음최소외공빌드,,,,,,,
data.build.stonesplitStrength.pureFullyRelayedMax.name,Pure Fully Relayed Max Build,大外純唐全承音配裝,,,승음최대외공빌드,,,,,,,
data.build.stonesplitStrength.pureFullyRelayedMin.name,Pure Fully Relayed Min Build,小外純唐全承音配裝,,,승음최소외공빌드,,,,,,,
data.debuff.bamboocutDust.PhantomChime.description,Reduces Physical Resistance by 2 per stack.,每層降低 2 點外功抗性。,,,중첩당 외공 저항이 2pt 감소한다.,,,,,,,
data.debuff.bamboocutDust.PhantomChime.name,Phantom Chime,幻鳴,,,천군의 함성,,,,,,,
data.debuff.bamboocutDust.PhantomChime.shortName,PC,鳴,,,천함,,,,,,,
data.debuff.bamboocutKite.HeavensMight.description,Increases HP damage from Falcon and Vile Condemned skills by 10%.,,,,,,,,,,,
data.debuff.bamboocutKite.HeavensMight.name,Heaven's Might,,,,,,,,,,,
data.debuff.bamboocutKite.HeavensMight.shortName,Might,威,,,열석 위,,,,,,,
data.debuff.bamboocutKite.VileCondemnedEndCooldown.description,Prevents Vile Condemned from selecting End Hit.,,,,,,,,,,,
data.debuff.bamboocutKite.VileCondemnedEndCooldown.name,Vile Condemned End Cooldown,,,,,,,,,,,
data.debuff.bamboocutKite.VileCondemnedEndCooldown.shortName,End CD,,,,,,,,,,,
data.debuff.bellstrikeSplendor.QiImbalance.description,"Increases Qi damage taken by 10%. Increases global HP damage taken by 8% during exhausted, and an additional 8% for Bellstrike damage.",受到的真氣傷害提高 10%。力竭期間受到的全域氣血傷害提高 8%，鳴金傷害再額外提高 8%。,,,,,,,,,,
data.debuff.bellstrikeSplendor.QiImbalance.name,Qi Imbalance,真氣失衡,,,진기불균형,,,,,,,
data.debuff.bellstrikeSplendor.QiImbalance.shortName,QI,失,,,진기불균형,,,,,,,
data.debuff.bellstrikeUmbra.SoulShaken.description,"Increases DoT damage taken by 5% per stack, plus an additional 5% per stack if the source is Umbra.",每層使受到的持續傷害提高 5%；若來源為暗影，再額外提高 5%。,,,,,,,,,,
data.debuff.bellstrikeUmbra.SoulShaken.name,Soul-Shaken,驚魂,,,,,,,,,,
data.debuff.bellstrikeUmbra.SoulShaken.shortName,SS,驚,,,,,,,,,,
data.debuff.general.Controlled.description,Marks a target as controlled for conditional effects.,將目標標記為受控，以供條件效果判定。,,,,,,,,,,
data.debuff.general.Controlled.name,Controlled,控制,,,제어,,,,,,,
data.debuff.general.Controlled.shortName,Ctl,控,,,제어,,,,,,,
data.debuff.general.Exhausted.description,Increases global damage taken by 10%.,受到的全域傷害提高 10%。,,,,,,,,,,
data.debuff.general.Exhausted.name,Exhausted,氣竭,,,,,,,,,,
data.debuff.general.Exhausted.shortName,Exh,竭,,,,,,,,,,
data.debuff.innerway.QingyisCharmT0.description,Reduces Physical Defense by 0.6% per stack.,每層降低 0.6% 外功防禦。,,,,,,,,,,
data.debuff.innerway.QingyisCharmT0.shortName,BS,恨,,,,,,,,,,
data.debuff.innerway.QingyisCharmT1.description,Reduces Physical Defense by 1.2% per stack.,每層降低 1.2% 外功防禦。,,,,,,,,,,
data.debuff.innerway.QingyisCharmT1.shortName,BS,恨,,,,,,,,,,
data.debuff.innerway.QingyisCharmT6.description,"Reduces Physical Defense by 1.2% per stack. At 5 stacks, additionally reduces Physical Resistance by 10.",每層降低 1.2% 外功防禦。達到 5 層時，額外降低 10 點外功抗性。,,,,,,,,,,
data.debuff.innerway.QingyisCharmT6.shortName,BS,恨,,,,,,,,,,
data.debuff.mystic.LesserToadVenom.name,Lesser Toad Venom,次級蟾毒,,,하급 두꺼비 독,,,,,,,
data.debuff.mystic.LesserToadVenom.shortName,LTV,次蟾,,,하급 독,,,,,,,
data.debuff.mystic.ToadVenom.name,Toad Venom,蟾毒,,,두꺼비 독,,,,,,,
data.debuff.mystic.ToadVenom.shortName,TV,蟾,,,독,,,,,,,
data.debuff.stonesplitMight.Vulnerable.description,"Increases HP and Qi damage taken by 8%, and by an additional 8% for Might.",受到的氣血及真氣傷害提高 8%；對威勢再額外提高 8%。,,,"받는 기혈과 진기 피해가 8% 증가하며, 공격자가 탄식의 검기나 풍뢰의 징표를 사용 중일 경우 추가로 8% 증가한다.",,,,,,,
data.debuff.stonesplitMight.Vulnerable.name,Vulnerable,易傷,,,취약,,,,,,,
data.debuff.stonesplitMight.Vulnerable.shortName,Vul,傷,,,취약,,,,,,,
data.debuff.stonesplitStrength.Dread.description,Increases HP damage taken by 12%.,受到的氣血傷害提高 12%。,,,보스 대상에게 가하는 기혈 데미지가 12% 증가합니다.,,,,,,,
data.debuff.stonesplitStrength.Dread.name,Dread,膽寒,,,전율,,,,,,,
data.debuff.stonesplitStrength.Dread.shortName,Dre,膽,,,전율,,,,,,,
data.debuff.stonesplitStrength.FearfulBlade.description,Reduces attribute resistances by 16 and increases 8% HP damage for Strength,屬性抗性降低 16，且對強勁流派受到的氣血傷害提高 8%。,,,,,,,,,,
data.debuff.stonesplitStrength.FearfulBlade.name,Fearful Blade,懼刃,,,,,,,,,,
data.debuff.stonesplitStrength.FearfulBlade.shortName,FB,懼,,,,,,,,,,
data.divinecraft.Fire.description,HP DMG +1.5%.,氣血傷害 +1.5%。,,,기혈피해 +1.5%.,,,,,,,
data.divinecraft.Fire.name,Fire,火,,,취화유,,,,,,,
data.divinecraft.FirePoison.description,HP DMG +1.5% and Qi DMG +4%.,氣血傷害 +1.5%。治療時獲得 0.8 點耐力，冷卻 3 秒。,,,"기혈 피해 +1.5%, 진기 피해 +4%.",,,,,,,
data.divinecraft.FirePoison.name,Fire-Poison,火毒,,,잿불,,,,,,,
data.divinecraft.FireWater.description,HP DMG +1.5%. Healing grants 0.8 Vitality with a 3s cooldown.,氣血傷害 +1.5%，真氣傷害 +4%。,,,기혈 피해 +1.5%. 치유 시 원기 0.8 회복 (재사용 대기시간 3초).,,,,,,,
data.divinecraft.FireWater.name,Fire-Water,火水,,,화염,,,,,,,
data.divinecraft.None.description,No Divinecraft effect.,無神工效果。,,,천공부여 효과 없음.,,,,,,,
data.divinecraft.None.name,None,無,,,없음,,,,,,,
data.divinecraft.PoisonFire.description,HP DMG +1.4% and Qi DMG +5%.,氣血傷害 +1.4%，真氣傷害 +5%。,,,"기혈 피해 +1.4%, 진기 피해 +5%.",,,,,,,
data.divinecraft.PoisonFire.name,Poison-Fire,毒火,,,독염,,,,,,,
data.divinecraft.PoisonWater.description,"HP DMG +1%, Qi DMG +5%, and healing grants 0.8 Vitality with a 3s cooldown.",氣血傷害 +1%，真氣傷害 +5%；治療時獲得 0.8 點耐力，冷卻 3 秒。,,,"기혈 피해 +1%, 진기 피해 +5%. 치유 시 원기 0.8 회복 (재사용 대기시간 3초).",,,,,,,
data.divinecraft.PoisonWater.name,Poison-Water,毒水,,,응살,,,,,,,
data.divinecraft.WaterFire.description,HP DMG +1.4%. Healing grants 1 Vitality with a 3s cooldown.,氣血傷害 +1.4%。治療時獲得 1 點耐力，冷卻 3 秒。,,,기혈 피해 +1.4%. 치유 시 원기 1 회복 (재사용 대기시간 3초).,,,,,,,
data.divinecraft.WaterFire.name,Water-Fire,水火,,,심연,,,,,,,
data.divinecraft.WaterPoison.description,"HP DMG +1%, Qi DMG +4%, and healing grants 1 Vitality with a 3s cooldown.",氣血傷害 +1%，真氣傷害 +4%；治療時獲得 1 點耐力，冷卻 3 秒。,,,"기혈 피해 +1%, 진기 피해 +4%. 치유 시 원기 1 회복 (재사용 대기시간 3초).",,,,,,,
data.divinecraft.WaterPoison.name,Water-Poison,水毒,,,창해,,,,,,,
data.dot.mystic.Combustion.name,Combustion,爆燃,,,폭연,,,,,,,
data.dot.mystic.Combustion.shortName,Com,燃,,,폭연,,,,,,,
data.dot.mystic.Smolder.name,Smolder,暗灼,,,암작,,,,,,,
data.dot.mystic.Smolder.shortName,Smo,暗灼,,,암작,,,,,,,
data.food.None.name,None,無,,,없음,,,,,,,
data.food.SimmeringFishSlices.name,Simmering Fish Slices,涮魚,,,생선 전골,,,,,,,
data.gear.affixes.hengBladeDmgBoost.name,Art of Heng,橫刀武學增傷,,,횡도피해증가,,,,,,,
data.gear.affixes.moBladeDmgBoost.name,Art of Mo,陌刀武學增傷,,,맥도피해증가,,,,,,,
data.gear.affixes.precision.name,Precision,精準,,,정확도,,,,,,,
data.gearSet.Cleftpeak.name,Cleftpeak,斷嶽,,,단악,,,,,,,
data.gearSet.Etherwrath.name,Etherwrath,,,,정수,,,,,,,
data.gearSet.Hawkwing.name,Hawkwing,,,,속공,,,,,,,
data.gearSet.RainWhisper.name,Rain Whisper,時雨,,,단비,,,,,,,
data.innerway.furyHarvest.name,Fury Harvest,,,,분노의 참격,,,,,,,
data.innerway.insightfulStrike.effect.InsightfulStrikeT0.trigger.0.resource.name,Focus,,,,,,,,,,,
data.innerway.insightfulStrike.name,Insightful Strike,,,,,,,,,,,
data.innerway.royalRemedy.name,Royal Remedy,,,,군신의 묘약,,,,,,,
data.martialArt.heavenwillGauntlets.talent.0.name,Physical Attack Up,外功攻擊提升,,,외공 공격 강화,,,,,,,
data.martialArt.heavenwillGauntlets.talent.1.name,Raptor's Instinct Crit Boost,,,,참매 스킬 치명타 강화,,,,,,,
data.martialArt.heavenwillGauntlets.talent.2.name,Bamboocut Attribute Up,,,,파죽 속성 향상,,,,,,,
data.martialArt.namelessSpear.talent.0.name,Affinity Rate Up,,,,각성 확률 증가,,,,,,,
data.martialArt.namelessSpear.talent.1.name,Max Endurance Up,,,,인내력 한도 증가,,,,,,,
data.martialArt.namelessSpear.talent.2.name,Affinity DMG Up,,,,각성 피해 증가,,,,,,,
data.martialArt.namelessSpear.talent.3.name,Bellstrike Attribute Up,,,,명금 속성 향상,,,,,,,
data.martialArt.namelessSword.talent.0.name,Qi Struggle Enhancement,,,,진기 대결 강화,,,,,,,
data.martialArt.namelessSword.talent.1.name,Physical Attack Up,外功攻擊提升,,,외공 공격 강화,,,,,,,
data.martialArt.namelessSword.talent.2.name,Sword Qi Affinity Enhancement,,,,검기 각성 강화,,,,,,,
data.martialArt.namelessSword.talent.3.name,Bellstrike Attribute Up,,,,명금 속성 향상,,,,,,,
data.martialArt.panaceaFan.talent.0.name,Critical Rate Up,會心率提升,,,치명타 확률 증가,,,,,,,
data.martialArt.panaceaFan.talent.1.name,Heavy Attack Healing Boost,,,,강공격 치유 강화,,,,,,,
data.martialArt.panaceaFan.talent.2.name,Silkbind Attribute Up,,,,견사 속성 향상,,,,,,,
data.martialArt.phalanxbaneBlade.talent.0.name,Critical Rate Up,會心率提升,,,치명타 확률 증가,,,,,,,
data.martialArt.phalanxbaneBlade.talent.1.name,Iron Guard Penetration Up,鐵衛穿透提升,,,수혼 관통 강화,,,,,,,
data.martialArt.phalanxbaneBlade.talent.2.name,Stonesplit Attribute Up,裂石屬性提升,,,열석 속성 향상,,,,,,,
data.martialArt.skygraspRopeDart.talent.0.name,Critical Rate Up,會心率提升,,,치명타 확률 증가,,,,,,,
data.martialArt.skygraspRopeDart.talent.1.name,Heaven's Will DMG Boost,,,,천의 피해 증가 강화,,,,,,,
data.martialArt.skygraspRopeDart.talent.2.name,Bamboocut Attribute Up,,,,파죽 속성 향상,,,,,,,
data.martialArt.snowpartingBlade.talent.0.name,Physical Attack Up,外功攻擊提升,,,외공 공격 강화,,,,,,,
data.martialArt.snowpartingBlade.talent.1.name,Critical DMG Up,會心傷害提升,,,치명타 피해 증가,,,,,,,
data.martialArt.snowpartingBlade.talent.2.name,Stonesplit Attribute Up,裂石屬性提升,,,열석 속성 향상,,,,,,,
data.martialArt.soulshadeUmbrella.talent.0.name,Buff Enhancement,,,,스킬 버프 강화,,,,,,,
data.martialArt.soulshadeUmbrella.talent.1.name,Physical Attack Up,外功攻擊提升,,,외공 공격 강화,,,,,,,
data.martialArt.soulshadeUmbrella.talent.2.name,Critical Heal Enhancement,,,,치명타 치유 강화,,,,,,,
data.martialArt.soulshadeUmbrella.talent.3.name,Silkbind Attribute Up,,,,견사 속성 향상,,,,,,,
data.martialArt.stormbreakerSpear.talent.0.name,Stonesplit Attribute Up,裂石屬性提升,,,열석 속성 향상,,,,,,,
data.martialArt.thundercryBlade.talent.0.name,Charged and Varied Combo Enhancement,蓄力及派生技強化,,,차지 판정 강화,,,,,,,
data.martialArt.thundercryBlade.talent.1.name,Power Physical Attack Up,勁力外功攻擊提升,,,외공 공격 강화,,,,,,,
data.martialArt.thundercryBlade.talent.2.name,Charged and Varied Combo Critical Rate Up,蓄力及派生技會心率提升,,,차지 치명타 강화,,,,,,,
data.martialArt.thundercryBlade.talent.3.name,Stonesplit Attribute Up,裂石屬性提升,,,열석 속성 향상,,,,,,,
data.official.profileMap.innerWays.351.name,Royal Remedy,,,,군신의 묘약,,,,,,,
data.official.profileMap.innerWays.44.name,Fury Harvest,,,,분노의 참격,,,,,,,
data.path.bamboocutDust.name,Dust,塵,,,파죽 진,,,,,,,
data.path.bamboocutKite.name,Kite,鳶,,,파죽 연,,,,,,,
data.path.mixed.name,Mixed,混搭,,,혼합,,,,,,,
data.path.stonesplitMight.name,Might,威,,,열석 위,,,,,,,
data.path.stonesplitStrength.name,Strength,鈞,,,열석 균,,,,,,,
data.rotation.bamboocutKite.dummy1MinInfiniteVitality.name,Dummy 1 Min Infinite Vitality,木椿1分鐘無限精元,,,,,,,,,,
data.rotation.bamboocutKite.dummy1MinIvBp.name,Dummy 1 Min IV BP,,,,,,,,,,,
data.rotation.empty.name,Empty Rotation,空白循環,,,,,,,,,,
data.rotation.silkbindDeluge.dummy1MinRegularFire.name,Dummy 1 Min Regular Fire,,,,,,,,,,,
data.rotation.silkbindDeluge.dummy1MinSmolder.name,Dummy 1 Min Smolder,,,,,,,,,,,
data.rotation.stonesplitMight.dummy1Min.name,Dummy 1 min,木樁1分鐘,,,,,,,,,,
data.rotation.stonesplitStrength.mixedDummy1Min.name,Mixed Dummy 1 Min,雙切木樁1分鐘,,,,,,,,,,
data.rotation.stonesplitStrength.mixedDummy1MinDoubleStab.name,Mixed Dummy 1 Min Double Stab,,,,,,,,,,,
data.rotation.stonesplitStrength.mixedDummyInfiniteVitality1Min.name,Mixed Dummy Infinite Vitality 1 Min,雙切木樁1分鐘無限精元,,,,,,,,,,
data.rotation.stonesplitStrength.mixedDummySmolderPoet1Min.name,Mixed Dummy Smolder Poet 1 Min,雙切木樁1分鐘暗灼,,,,,,,,,,
data.rotation.stonesplitStrength.mixedHorseTamerStandard27s.name,Mixed Horse Tamer Standard 27s,,,,,,,,,,,
data.rotation.stonesplitStrength.mixedHorseTamerStandard27sNoFcn.name,Mixed Horse Tamer Standard 27s No FCN,,,,,,,,,,,
data.rotation.stonesplitStrength.pureDummy1Min.name,Pure Dummy 1 min,純唐木樁1分鐘,,,,,,,,,,
data.rotation.stonesplitStrength.pureDummy1Min2.name,Pure Dummy 1 Min 2,純唐木樁1分鐘2,,,,,,,,,,
data.rotation.stonesplitStrength.pureHorseTamerStandard27s.name,Pure Horse Tamer Standard 27s,純唐舞馬人普通 27秒,,,,,,,,,,
data.script.Convergence.description,All attribute attack damage +15% against targets above 60% Qi.,,,,진기 비율이 60%를 초과한 목표에게 입히는 전체 속성 공격 피해가 15% 증가한다.,,,,,,,
data.script.Convergence.name,Convergence Script,存煞帖,,,살기첩,,,,,,,
data.script.Detachment.description,Affinity DMG +10% against targets below 40% HP.,,,,,,,,,,,
data.script.Detachment.name,Detachment Script,懸解帖,,,현해첩,,,,,,,
data.script.Insight.description,Mystic Skill DMG +15% against targets above 60% HP.,,,,,,,,,,,
data.script.Insight.name,Insight Script,明鑑帖,,,명감첩,,,,,,,
data.script.None.description,No Script effect.,,,,,,,,,,,
data.script.None.name,None,無,,,없음,,,,,,,
data.script.Opportunity.description,Critical DMG +10% against targets below 40% HP.,,,,,,,,,,,
data.script.Opportunity.name,Opportunity Script,行藏帖,,,,,,,,,,
data.script.Revelry.description,Taking damage at or below 30% self HP grants Revelry.,,,,,,,,,,,
data.script.Revelry.name,Revelry Script,承歡帖,,,승환첩,,,,,,,
data.script.Voidrot.description,Affinity DMG +10% against targets below 40% Qi.,,,,,,,,,,,
data.script.Voidrot.name,Voidrot Script,蝕淵帖,,,식연첩,,,,,,,
data.script.Wraithstrike.description,Critical DMG +10% against targets below 40% Qi.,,,,,,,,,,,
data.script.Wraithstrike.name,Wraithstrike Script,鬼掣帖,,,귀영첩,,,,,,,
data.skill.general.AoRT4Shield.name,AoR T4 Shield,抗造4護盾,,,저항의법칙 4돌 보호막,,,,,,,
data.skill.general.Defense.name,Defense,防禦,,,방어,,,,,,,
data.skill.general.Deflect.name,Deflect,卸勢,,,패링,,,,,,,
data.skill.general.DeflectSuccessful.name,Deflect (Successful),成功卸勢,,,,,,,,,,
data.skill.general.MoraleChant.name,Morale Chant,易水歌,,,결의의 노래,,,,,,,
data.skill.general.PerfectDodge.name,Perfect Dodge,完美閃避,,,완벽회피,,,,,,,
data.skill.general.PerfectDodgeCancel.name,Perfect Dodge [Cancel],完美閃避(打斷),,,완벽 회피(캔슬),,,,,,,
data.skill.general.RiposteTrigger.name,Riposte Trigger,防反觸發,,,방어반격,,,,,,,
data.skill.heavenwillGauntlets.AllUnderJustice.name,All Under Justice,天下歸義,,,,,,,,,,
data.skill.heavenwillGauntlets.AllUnderJustice.shortName,Gauntlet Special,,,,,,,,,,,
data.skill.heavenwillGauntlets.CelestialMandate.name,Celestial Mandate,莫如法天,,,,,,,,,,
data.skill.heavenwillGauntlets.CelestialMandate.shortName,Gauntlet Q2,,,,,,,,,,,
data.skill.heavenwillGauntlets.HeavenwillDeclared.name,Heavenwill Declared,我有天志,,,,,,,,,,
data.skill.heavenwillGauntlets.HeavenwillDeclared.shortName,Gauntlet Q1,,,,,,,,,,,
data.skill.heavenwillGauntlets.LightAttackFalcon.name,Light Attack Falcon,輕擊鷹隼,,,,,,,,,,
data.skill.heavenwillGauntlets.RighteousReign1stHit.name,Righteous Reign 1st Hit,天欲義第1擊,,,,,,,,,,
data.skill.heavenwillGauntlets.RighteousReign1stHit.shortName,Gauntlet A1,,,,,,,,,,,
data.skill.heavenwillGauntlets.RighteousReign2ndHit.name,Righteous Reign 2nd Hit,天欲義第2擊,,,,,,,,,,
data.skill.heavenwillGauntlets.RighteousReign2ndHit.shortName,Gauntlet A2,,,,,,,,,,,
data.skill.heavenwillGauntlets.RighteousReign3rdHit.name,Righteous Reign 3rd Hit,天欲義第3擊,,,,,,,,,,
data.skill.heavenwillGauntlets.RighteousReign3rdHit.shortName,Gauntlet A3,,,,,,,,,,,
data.skill.heavenwillGauntlets.RighteousReign4thHit.name,Righteous Reign 4th Hit,天欲義第4擊,,,,,,,,,,
data.skill.heavenwillGauntlets.RighteousReign4thHit.shortName,Gauntlet A4,,,,,,,,,,,
data.skill.heavenwillGauntlets.RighteousReign5thHit.name,Righteous Reign 5th Hit,天欲義第5擊,,,,,,,,,,
data.skill.heavenwillGauntlets.RighteousReign5thHit.shortName,Gauntlet A5,,,,,,,,,,,
data.skill.heavenwillGauntlets.RighteousReign6thHit.name,Righteous Reign 6th Hit,天欲義第6擊,,,,,,,,,,
data.skill.heavenwillGauntlets.RighteousReign6thHit.shortName,Gauntlet A6,,,,,,,,,,,
data.skill.heavenwillGauntlets.RighteousReign6thHitCancel.name,Righteous Reign 6th Hit [Cancel],天欲義第6擊 [取消],,,,,,,,,,
data.skill.heavenwillGauntlets.RighteousReign6thHitCancel.shortName,Gauntlet A6,,,,,,,,,,,
data.skill.heavenwillGauntlets.SkyGrippedReplay.name,Heaven's Might Damage,天威傷害,,,,,,,,,,
data.skill.heavenwillGauntlets.SoaringHighT6Refund.name,Soaring High T6 Refund,,,,,,,,,,,
data.skill.heavenwillGauntlets.VileCondemned.name,Vile Condemned,無義當誅,,,,,,,,,,
data.skill.heavenwillGauntlets.VileCondemned.shortName,Gauntlet Charged,,,,,,,,,,,
data.skill.heavenwillGauntlets.VileCondemnedCharge.name,Vile Condemned Charge,,,,,,,,,,,
data.skill.heavenwillGauntlets.VileCondemnedEndHit.name,Vile Condemned End Hit,,,,,,,,,,,
data.skill.heavenwillGauntlets.VileCondemnedHit.name,Vile Condemned Hit,,,,,,,,,,,
data.skill.heavenwillGauntlets.VirtuousEnthroned1stHit.name,Virtuous Enthroned 1st Hit,有義則治第1擊,,,,,,,,,,
data.skill.heavenwillGauntlets.VirtuousEnthroned1stHit.shortName,Gauntlet H1,,,,,,,,,,,
data.skill.heavenwillGauntlets.VirtuousEnthroned2ndHit.name,Virtuous Enthroned 2nd Hit,有義則治第2擊,,,,,,,,,,
data.skill.heavenwillGauntlets.VirtuousEnthroned2ndHit.shortName,Gauntlet H2,,,,,,,,,,,
data.skill.heavenwillGauntlets.VirtuousEnthroned3rdHit.name,Virtuous Enthroned 3rd Hit,有義則治第3擊,,,,,,,,,,
data.skill.heavenwillGauntlets.VirtuousEnthroned3rdHit.shortName,Gauntlet H3,,,,,,,,,,,
data.skill.heavenwillGauntlets.WickedDefiance.name,Wicked Defiance,惡不義,,,,,,,,,,
data.skill.heavenwillGauntlets.WickedDefiance.shortName,Gauntlet VC,,,,,,,,,,,
data.skill.mystic.BurstingNine.name,Bursting Nine,衍九矢,,,연구의 화살,,,,,,,
data.skill.mystic.BurstingNine2Shots.name,Bursting Nine 2 Shots,衍九矢二連,,,연구의 화살 2타,,,,,,,
data.skill.mystic.CombustionExplosion.name,Combustion Explosion,爆燃爆炸,,,폭연 폭발,,,,,,,
data.skill.mystic.DragonHeadTide.name,Dragon Head - Tide,葉龍驤首・疊浪,,,용의 진노 - 겹쳐진 파도,,,,,,,
data.skill.mystic.DragonsBreath1.name,Dragon's Breath 1-Hit [Cancel],神龍吐火1下(打斷),,,신룡의 화염 1타(캔슬),,,,,,,
data.skill.mystic.DragonsBreath1.shortName,Breath 1 Hit,吐火1,,,신룡의 화염 1타,,,,,,,
data.skill.mystic.DragonsBreath2.name,Dragon's Breath 2-Hit [Cancel],神龍吐火2下(打斷),,,신룡의 화염 2타(캔슬),,,,,,,
data.skill.mystic.DragonsBreath2.shortName,Breath Full,吐火2,,,신룡의 화염,,,,,,,
data.skill.mystic.DragonsBreathSmolder1.name,Dragon's Breath - Smolder 1-Hit [Cancel],神龍吐火・暗灼1下(打斷),,,신룡의 화염 암작 1타(캔슬),,,,,,,
data.skill.mystic.DragonsBreathSmolder1.shortName,Smolder 1 Hit,暗火1,,,암작 1타,,,,,,,
data.skill.mystic.DragonsBreathSmolder2.name,Dragon's Breath - Smolder 2-Hit [Cancel],神龍吐火・暗灼2下(打斷),,,신룡의 화염 암작 2타(캔슬),,,,,,,
data.skill.mystic.DragonsBreathSmolder2.shortName,Smolder Full,暗火2,,,암작,,,,,,,
data.skill.mystic.DrunkenPoet1.name,Drunken Poet 1st Hit,太白醉月第一擊,,,,,,,,,,
data.skill.mystic.DrunkenPoet1.shortName,Poet,太白,,,,,,,,,,
data.skill.mystic.DrunkenPoet2.name,Drunken Poet 2nd Hit,太白醉月第二擊,,,,,,,,,,
data.skill.mystic.DrunkenPoet2.shortName,Poet,太白,,,,,,,,,,
data.skill.mystic.DrunkenPoet3.name,Drunken Poet 3rd Hit,太白醉月第三擊,,,,,,,,,,
data.skill.mystic.DrunkenPoet3.shortName,Poet,太白,,,,,,,,,,
data.skill.mystic.DrunkenPoet4.name,Drunken Poet 4th Hit,太白醉月第四擊,,,,,,,,,,
data.skill.mystic.DrunkenPoet4.shortName,Poet,太白,,,,,,,,,,
data.skill.mystic.DrunkenPoet5.name,Drunken Poet 5th Hit [Cancel],太白醉月第五擊,,,,,,,,,,
data.skill.mystic.DrunkenPoet5.shortName,Poet,太白,,,,,,,,,,
data.skill.mystic.DrunkenPoetDrink.name,Drunken Poet Drink [Cancel],喝酒,,,,,,,,,,
data.skill.mystic.DrunkenPoetDrink.shortName,Drink,喝酒,,,,,,,,,,
data.skill.mystic.FluteOfTheTides.name,Flute of the Tides Full,簫吟千浪(完整),,,,,,,,,,
data.skill.mystic.FluteOfTheTides.shortName,Flute Full,簫(完整),,,,,,,,,,
data.skill.mystic.FluteOfTheTidesCancel.name,Flute of the Tides [Cancel],簫吟千浪(打斷),,,,,,,,,,
data.skill.mystic.FluteOfTheTidesCancel.shortName,Flute Cancel,簫(打斷),,,,,,,,,,
data.skill.mystic.FluteRipple.name,Flute Chanting a thousand Waves,簫吟千浪,,,,,,,,,,
data.skill.mystic.GhostlySteps.name,Ghostly Step,陰陽迷蹤步,,,,,,,,,,
data.skill.mystic.GhostlyStepsUmbra.name,Ghostly Step - Umbra,陰陽迷蹤步・影,,,,,,,,,,
data.skill.mystic.GhostlyStepsUmbraDodgeGauntlet.name,Ghostly Step - Umbra Dodge (Gauntlet),陰陽迷蹤步・影閃避（手甲）,,,,,,,,,,
data.skill.mystic.GhostlyStepsUmbraDodgeHengBlade.name,Ghostly Step - Umbra Dodge (Heng Blade),陰陽迷蹤步・影閃避（橫刀）,,,,,,,,,,
data.skill.mystic.GhostlyStepsUmbraDodgeMoBlade.name,Ghostly Step - Umbra Dodge (Mo Blade),陰陽迷蹤步・影閃避（陌刀）,,,,,,,,,,
data.skill.mystic.GhostlyStepsUmbraDodgeRopeDart.name,Ghostly Step - Umbra Dodge (Rope Dart),陰陽迷蹤步・影閃避（繩鏢）,,,,,,,,,,
data.skill.mystic.GhostlyStepsUmbraDodgeSpear.name,Ghostly Step - Umbra Dodge (Spear),陰陽迷蹤步・影閃避（槍）,,,,,,,,,,
data.skill.mystic.GhostlyStepsUmbraDodgeUmbrella.name,Ghostly Step - Umbra Dodge (Umbrella),陰陽迷蹤步・影閃避（傘）,,,,,,,,,,
data.skill.mystic.LeapingToad.name,Leaping Toad [Cancel],金蟾騰躍(打斷),,,,,,,,,,
data.skill.mystic.LeapingToad.shortName,Toad,金蟾(打斷),,,,,,,,,,
data.skill.mystic.SereneBreeze.name,Serene Breeze,清風霽月,,,,,,,,,,
data.skill.mystic.SmolderExplosion.name,Smolder Explosion,暗灼爆炸,,,,,,,,,,
data.skill.mystic.SoaringSpin1.name,Soaring Spin 1-Hit,騎龍回馬1下,,,,,,,,,,
data.skill.mystic.SoaringSpin1.shortName,Soaring 1 Hit,騎龍1,,,,,,,,,,
data.skill.mystic.SoaringSpin2.name,Soaring Spin,騎龍回馬,,,,,,,,,,
data.skill.mystic.SoaringSpin2.shortName,Soaring,騎龍,,,,,,,,,,
data.skill.panaceaFan.CloudburstHealing.name,Cloudburst Healing,坐看雲起,,,,,,,,,,
data.skill.panaceaFan.CloudburstHealing.shortName,Fan Q,扇Q,,,,,,,,,,
data.skill.panaceaFan.CloudburstHealingCancel.name,Cloudburst Healing [Cancel],坐看雲起(打斷),,,,,,,,,,
data.skill.panaceaFan.CloudburstHealingCancel.shortName,Fan Q [Cancel],扇Q(打斷),,,,,,,,,,
data.skill.panaceaFan.EndlessCloud.name,Endless Cloud,白雲無盡,,,,,,,,,,
data.skill.panaceaFan.EndlessCloud.shortName,Fan QQ,扇QQ,,,,,,,,,,
data.skill.panaceaFan.EndlessCloudCancel.name,Endless Cloud [Cancel],白雲無盡(打斷),,,,,,,,,,
data.skill.panaceaFan.EndlessCloudCancel.shortName,Fan QQ [Cancel],扇QQ(打斷),,,,,,,,,,
data.skill.panaceaFan.FourfoldInquiry1.name,Fourfold Inquiry 1st Hit,臨川四問第1擊,,,,,,,,,,
data.skill.panaceaFan.FourfoldInquiry1.shortName,Fan A1,扇A1,,,,,,,,,,
data.skill.panaceaFan.FourfoldInquiry2.name,Fourfold Inquiry 2nd Hit,臨川四問第2擊,,,,,,,,,,
data.skill.panaceaFan.FourfoldInquiry2.shortName,Fan A2,扇A2,,,,,,,,,,
data.skill.panaceaFan.FourfoldInquiry3.name,Fourfold Inquiry 3rd Hit,臨川四問第3擊,,,,,,,,,,
data.skill.panaceaFan.FourfoldInquiry3.shortName,Fan A3,扇A3,,,,,,,,,,
data.skill.panaceaFan.FourfoldInquiry4.name,Fourfold Inquiry 4th Hit,臨川四問第4擊,,,,,,,,,,
data.skill.panaceaFan.FourfoldInquiry4.shortName,Fan A4,扇A4,,,,,,,,,,
data.skill.panaceaFan.JumpHeavy.name,Jump Heavy,跳重,,,,,,,,,,
data.skill.phalanxbaneBlade.AnxiSoldierBurningHeart2.name,Anxi Soldier Burning Heart 2nd Stage,安西軍・焚心第二段,,,,,,,,,,
data.skill.phalanxbaneBlade.AnxiSoldierBurningHeart3.name,Anxi Soldier Burning Heart 3rd Stage,安西軍・焚心第三段,,,,,,,,,,
data.skill.phalanxbaneBlade.AnxiSoldierTotalAnnihilation.name,Anxi Soldier Total Annihilation,安西軍・蕩八荒,,,,,,,,,,
data.skill.phalanxbaneBlade.PhalanxbaneHeavyCharge2.name,Burning Heart Charge 2,,,,,,,,,,,
data.skill.phalanxbaneBlade.PhalanxbaneHeavyCharge3.name,Burning Heart Charge 3,,,,,,,,,,,
data.skill.phalanxbaneBlade.PhalanxbaneHeavyCharged1.name,Burning Heart 1st Stage,焚此心一段,,,,,,,,,,
data.skill.phalanxbaneBlade.PhalanxbaneHeavyCharged1.shortName,Mo Charged,蓄1,,,,,,,,,,
data.skill.phalanxbaneBlade.PhalanxbaneHeavyCharged2.name,Burning Heart 2nd Stage,焚此心二段,,,,,,,,,,
data.skill.phalanxbaneBlade.PhalanxbaneHeavyCharged2.shortName,Mo Charged,蓄2,,,,,,,,,,
data.skill.phalanxbaneBlade.PhalanxbaneHeavyCharged3.name,Burning Heart 3rd Stage,焚此心三段,,,,,,,,,,
data.skill.phalanxbaneBlade.PhalanxbaneHeavyCharged3.shortName,Mo Charged,蓄3,,,,,,,,,,
data.skill.phalanxbaneBlade.PhalanxbaneHeavyFastCharge2.name,Burning Heart Fast Charge 2,,,,,,,,,,,
data.skill.phalanxbaneBlade.PhalanxbaneHeavyFastCharge3.name,Burning Heart Fast Charge 3,,,,,,,,,,,
data.skill.phalanxbaneBlade.PhalanxbaneHeavyFastSlam1.name,Burning Heart Fast Slam 1,,,,,,,,,,,
data.skill.phalanxbaneBlade.PhalanxbaneHeavyFastSlam2.name,Burning Heart Fast Slam 2,,,,,,,,,,,
data.skill.phalanxbaneBlade.PhalanxbaneHeavyFastSlam3.name,Burning Heart Fast Slam 3,,,,,,,,,,,
data.skill.phalanxbaneBlade.PhalanxbaneHeavyPreCharge.name,Burning Heart Pre Charge,,,,,,,,,,,
data.skill.phalanxbaneBlade.PhalanxbaneHeavySlam1.name,Burning Heart Slam 1,,,,,,,,,,,
data.skill.phalanxbaneBlade.PhalanxbaneHeavySlam2.name,Burning Heart Slam 2,,,,,,,,,,,
data.skill.phalanxbaneBlade.PhalanxbaneHeavySlam3.name,Burning Heart Slam 3,,,,,,,,,,,
data.skill.phalanxbaneBlade.PhalanxbaneQ.name,Total Annihilation,蕩八荒,,,,,,,,,,
data.skill.phalanxbaneBlade.PhalanxbaneQ.shortName,Mo QQ,蕩八荒,,,,,,,,,,
data.skill.phalanxbaneBlade.PhalanxbaneSpecial.name,Legion Summon,喚千軍,,,,,,,,,,
data.skill.phalanxbaneBlade.PhalanxbaneSpecial.shortName,Mo Special,喚千軍,,,,,,,,,,
data.skill.skygraspRopeDart.SkyGrasped.name,Sky Grasped,索天勢,,,,,,,,,,
data.skill.skygraspRopeDart.SkyGrasped.shortName,RD Special,,,,,,,,,,,
data.skill.skygraspRopeDart.SnaringLash.name,Snaring Lash,飛來勢,,,,,,,,,,
data.skill.skygraspRopeDart.SnaringLash.shortName,RD Q,,,,,,,,,,,
data.skill.skygraspRopeDart.SnaringLashCancel.name,Snaring Lash [Cancel],飛來勢 [取消],,,,,,,,,,
data.skill.skygraspRopeDart.SnaringLashCancel.shortName,RD Q [Cancel],,,,,,,,,,,
data.skill.skygraspRopeDart.SnaringLashFalcon.name,Snaring Lash Falcon,飛來勢鷹隼,,,,,,,,,,
data.skill.snowpartingBlade.AnxiSoldierGeneralsBaneStab.name,Anxi Soldier General's Bane: Stab,安西軍・白刃殺將・刺,,,,,,,,,,
data.skill.snowpartingBlade.AnxiSoldierSnowbreakSpring.name,Anxi Soldier Snowbreak Spring,安西軍・撥雪尋春,,,,,,,,,,
data.skill.snowpartingBlade.SnowpartingConversion.name,Snowparting Conversion,橫刀易武,,,,,,,,,,
data.skill.snowpartingBlade.SnowpartingConversion.shortName,Heng Tab,橫刀易武,,,,,,,,,,
data.skill.snowpartingBlade.SnowpartingHeavyVC.name,Snowbreak Spring,撥雪尋春,,,,,,,,,,
data.skill.snowpartingBlade.SnowpartingHeavyVC.shortName,Heng VC,撥雪,,,,,,,,,,
data.skill.snowpartingBlade.SnowpartingLightCharged.name,Grave Frost,塚上霜,,,,,,,,,,
data.skill.snowpartingBlade.SnowpartingLightCharged.shortName,Heng LC,塚上霜,,,,,,,,,,
data.skill.snowpartingBlade.SnowpartingQ.name,General's Bane,白刃殺將,,,,,,,,,,
data.skill.snowpartingBlade.SnowpartingQ.shortName,Heng Q,橫Q,,,,,,,,,,
data.skill.snowpartingBlade.SnowpartingQSlash.name,General's Bane: Slash,白刃殺將・斬,,,,,,,,,,
data.skill.snowpartingBlade.SnowpartingQSlash.shortName,Heng Q,橫Q斬,,,,,,,,,,
data.skill.snowpartingBlade.SnowpartingQSlide.name,General's Bane - Slide,白刃殺將滑行,,,,,,,,,,
data.skill.snowpartingBlade.SnowpartingQSlide.shortName,Heng Q,滑行,,,,,,,,,,
data.skill.snowpartingBlade.SnowpartingQStab.name,General's Bane: Stab,白刃殺將・刺,,,,,,,,,,
data.skill.snowpartingBlade.SnowpartingQStab.shortName,Heng Q Stab,橫Q刺,,,,,,,,,,
data.skill.snowpartingBlade.SnowpartingSpecial.name,Fleeting Trace,飛鴻踏雪,,,,,,,,,,
data.skill.snowpartingBlade.SnowpartingSpecial.shortName,Heng Special,飛鴻,,,,,,,,,,
data.skill.soulshadeUmbrella.FloatingGrace.name,Floating Grace,一念浮生,,,소생의 향,,,,,,,
data.skill.soulshadeUmbrella.FloatingGrace.shortName,Umbrella Q,傘Q,,,,,,,,,,
data.skill.stormbreakerSpear.StormRoar.name,Storm Roar,風雷嘯,,,,,,,,,,
data.skill.stormbreakerSpear.StormRoar.shortName,Spear Q,槍Q,,,,,,,,,,
data.skill.stormbreakerSpear.ThunderShock.name,Thunder Shock,驚雷震,,,,,,,,,,
data.skill.stormbreakerSpear.ThunderShock.shortName,Spear Special,槍特,,,,,,,,,,
data.skill.stormbreakerSpear.ThunderShock1.name,Thunder Shock 1-Hit [Cancel],驚雷震1下(打斷),,,,,,,,,,
data.skill.stormbreakerSpear.ThunderShock1.shortName,Spear Special 1-Hit,槍特1,,,,,,,,,,
data.skill.thundercryBlade.Avalanche.name,Avalanche,山崩地裂,,,,,,,,,,
data.skill.thundercryBlade.Avalanche.shortName,Charged,蓄3,,,,,,,,,,
data.skill.thundercryBlade.Avalanche1.name,Avalanche 1-Hit [Cancel],山崩地裂1下(打斷),,,,,,,,,,
data.skill.thundercryBlade.Avalanche1.shortName,Charged 1-Hit,蓄3打斷,,,,,,,,,,
data.skill.thundercryBlade.PredatorsShield.name,Predator's Shield,鷹揚虎視,,,,,,,,,,
data.skill.thundercryBlade.PredatorsShield.shortName,Shield,上盾,,,보호막,,,,,,,
data.skill.thundercryBlade.StonebreakerCleave.name,Stonebreaker Cleave [Cancel],破石穿岩劈,,,,,,,,,,
data.skill.thundercryBlade.StonebreakerCleave.shortName,VC,R,,,,,,,,,,
data.skill.thundercryBlade.StonebreakerCleave1.name,Stonebreaker Cleave 1-Hit [Cancel],,,,,,,,,,,
data.skill.thundercryBlade.StonebreakerCleave1.shortName,VC,R,,,,,,,,,,
data.skill.thundercryBlade.StonebreakerQuake.name,Stonebreaker Quake,破石穿岩震,,,,,,,,,,
game.event.battleEnd,Event: Battle End,事件:戰鬥結束,,,,,,,,,,
game.event.buff,Event: Buff,事件:增益,,,,,,,,,,
game.event.controlled,Event: Controlled,事件:控制,,,,,,,,,,
game.event.debuff,Event: Debuff,事件:減益,,,,,,,,,,
game.event.delay,Event: Delay,事件:延遲,,,,,,,,,,
game.event.hp,Event: HP,事件：氣血,,,,,,,,,,
game.event.martialArt,Event: Switch Martial Art,事件：切換武學,,,,,,,,,,
game.event.move,Event: Move,事件:移動,,,,,,,,,,
game.event.qi,Event: Qi,事件：真氣,,,,,,,,,,
game.event.selfHP,Event: Self HP,事件：自身氣血,,,,,,,,,,
game.event.shieldBroken,Event: Shield Broken,事件:破盾,,,,,,,,,,
game.event.takeDamage,Event: Take Damage,事件：承受傷害,,,,,,,,,,
stat.affinity,Affinity Rate,會意率,,,각성 확률,,,,,,,
stat.affinityDmgBonus,Affinity DMG Bonus,會意傷害加成,,,각성 피해 증가,,,,,,,
stat.agility,Agility,敏,,,민첩,,,,,,,
stat.allMartialArts,All Martial Arts,全武學增效,,,전체 무술 효과 증가,,,,,,,
stat.areaMysticDmgBoost,Area Mystic Skill DMG Boost,群體類奇術增傷,,,단체 비결 피해 증가,,,,,,,
stat.bamboocutDmgBonus,Bamboocut DMG Bonus,破竹傷害加成,,,파죽 피해 증가,,,,,,,
stat.bamboocutPenetration,Bamboocut Penetration,破竹穿透,,,파죽 관통,,,,,,,
stat.bellstrikeDmgBonus,Bellstrike DMG Bonus,鳴金傷害加成,,,명금 피해 증가,,,,,,,
stat.bellstrikePenetration,Bellstrike Penetration,鳴金穿透,,,명금 관통,,,,,,,
stat.body,Body,體,,,체력,,,,,,,
stat.crit,Critical Rate,會心率,,,치명타 확률,,,,,,,
stat.critDmgBonus,Crit DMG Bonus,會心傷害加成,,,치명타 피해 증가,,,,,,,
stat.defense,Defense,御,,,방어,,,,,,,
stat.directAffinity,Direct Affinity Rate,直接會意率,,,추가 각성 확률,,,,,,,
stat.directCrit,Direct Critical Rate,直接會心率,,,추가 치명타 확률,,,,,,,
stat.dualBladesDmgBoost,Art of Dual Blades,雙刀武學增傷,,,쌍도 피해 증가,,,,,,,
stat.fanDmgBoost,Art of Fan,扇武學增傷,,,부채 효과 증가,,,,,,,
stat.gauntletDmgBoost,Art of Gauntlet,手甲武學增傷,,,권갑 피해 증가,,,,,,,
stat.hengBladeDmgBoost,Art of Heng Blade,橫刀武學增傷,,,횡도 피해 증가,,,,,,,
stat.maxBamboocut,Max Bamboocut Attack,最大破竹攻擊,,,최대 파죽 공격,,,,,,,
stat.maxBellstrike,Max Bellstrike Attack,最大鳴金攻擊,,,최대 명금 공격,,,,,,,
stat.maxEndurance,Max Endurance,最大精力,,,최대 인내력,,,,,,,
stat.maxHp,Max HP,氣血最大值,,,기혈 최대치,,,,,,,
stat.maxPhys,Max Physical Attack,最大外功攻擊,,,최대 외공 공격,,,,,,,
stat.maxSilkbind,Max Silkbind Attack,最大牽絲攻擊,,,최대 견사 공격,,,,,,,
stat.maxStonesplit,Max Stonesplit Attack,最大裂石攻擊,,,최대 열석 공격,,,,,,,
stat.maxVitality,Max Vitality,最大耐力,,,최대 원기,,,,,,,
stat.maxVoidAttack,Max Void Attack,最大無相攻擊,,,최대 무상 공격,,,,,,,
stat.minBamboocut,Min Bamboocut Attack,最小破竹攻擊,,,최소 파죽 공격,,,,,,,
stat.minBellstrike,Min Bellstrike Attack,最小鳴金攻擊,,,최소 명금 공격,,,,,,,
stat.minPhys,Min Physical Attack,最小外功攻擊,,,최소 외공 공격,,,,,,,
stat.minSilkbind,Min Silkbind Attack,最小牽絲攻擊,,,최소 견사 공격,,,,,,,
stat.minStonesplit,Min Stonesplit Attack,最小裂石攻擊,,,최소 열석 공격,,,,,,,
stat.minVoidAttack,Min Void Attack,最小無相攻擊,,,최소 무상 공격,,,,,,,
stat.moBladeDmgBoost,Art of Mo Blade,陌刀武學增傷,,,맥도 피해 증가,,,,,,,
stat.momentum,Momentum,勢,,,기세,,,,,,,
stat.physDmgBonus,Phys DMG Bonus,外功傷害加成,,,외공 공격 증가,,,,,,,
stat.physicalDefense,Physical Defense,外功防禦,,,외공 방어력,,,,,,,
stat.power,Power,勁,,,내공,,,,,,,
stat.precision,Precision Rate,精準率,,,정확도,,,,,,,
stat.ropeDartDmgBoost,Art of Rope Dart,繩鏢武學增傷,,,승표 피해 증가,,,,,,,
stat.silkbindDmgBonus,Silkbind DMG Bonus,牽絲傷害加成,,,견사 공격 증가,,,,,,,
stat.silkbindHealingBonus,Silkbind Healing Bonus,,,,견사 치유 증가,,,,,,,
stat.silkbindPenetration,Silkbind Penetration,牽絲穿透,,,견사 관통,,,,,,,
stat.singleTargetMysticDmgBoost,Single-Target Mystic Skill DMG Boost,單體類奇術增傷,,,단일 비결 피해 증가,,,,,,,
stat.spearDmgBoost,Art of Spear,槍武學增傷,,,창 피해 증가,,,,,,,
stat.stonesplitDmgBonus,Stonesplit DMG Bonus,裂石傷害加成,,,열석 공격 증가,,,,,,,
stat.stonesplitPenetration,Stonesplit Penetration,裂石穿透,,,열석 관통,,,,,,,
stat.swordDmgBoost,Art of Sword,劍武學增傷,,,검 피해 증가,,,,,,,
stat.umbrellaDmgBoost,Art of Umbrella,傘武學增效,,,우산 피해 증가,,,,,,,
stat.vsBossDmg,vs Boss DMG,對首領單位增傷,,,보스 피해 증가,,,,,,,
system.abrasion,Abrasion,擦傷,,,찰과상,,,,,,,
system.affinity,Affinity,會意,,,각성 확률,,,,,,,
system.attunement.everspringMartialBoost,Everspring Umbrella - Martial Art Skill DMG Boost,醉夢遊春・武學技增傷,,,일장춘몽 - 무술 스킬 피해 증가,,,,,,,
system.attunement.everspringSpecialBoost,Everspring Umbrella - Special Skill DMG Boost,醉夢遊春・特殊技增傷,,,일장춘몽 - 특수 스킬 피해 증가,,,,,,,
system.attunement.formlessPenetration,Formless Penetration,無相穿透,,,무상관통,,,,,,,
system.attunement.heavenwillChargedBoost,Heavenwill Gauntlets - Charged Skill DMG Boost,天志垂象・蓄力技增傷,,,천지의 주먹 - 차지 스킬 피해 증가,,,,,,,
system.attunement.heavenwillLightVariedComboBoost,Heavenwill Gauntlets - Light Attack and Varied Combo DMG Boost,天志垂象・輕擊及派生技增傷,,,천지의 주먹 - 약공격 및 연계 스킬 피해 증가,,,,,,,
system.attunement.heavenwillMartialBoost,Heavenwill Gauntlets - Martial Art Skill DMG Boost,天志垂象・武學技增傷,,,천지의 주먹 - 무술 스킬 피해 증가,,,,,,,
system.attunement.panaceaMartialHealingBoost,Panacea Fan - Martial Art Skill Healing Boost,,,,,,,,,,,
system.attunement.phalanxbaneChargedBoost,Phalanxbane Blade - Charged Skill DMG Boost,十方破陣・蓄力技增傷,,,십방파진 - 차지 스킬 피해 증가,,,,,,,
system.attunement.phalanxbaneMartialBoost,Phalanxbane Blade - Martial Art Skill DMG Boost,十方破陣・武學技增傷,,,십방파진 - 무술 스킬 피해 증가,,,,,,,
system.attunement.physicalPenetration,Physical Penetration,外功穿透,,,외공 관통,,,,,,,
system.attunement.physicalResistance,Physical Resistance,外功抗性,,,외공 저항,,,,,,,
system.attunement.skygraspHeavyBoost,Skygrasp Rope Dart - Heavy Attack DMG Boost,千機索天・重擊增傷,,,천기의 사슬 - 강공격 피해 증가,,,,,,,
system.attunement.skygraspSpecialBoost,Skygrasp Rope Dart - Special Skill DMG Boost,千機索天・特殊技增傷,,,천기의 사슬 - 특수 스킬 피해 증가,,,,,,,
system.attunement.snowpartingChargedBoost,Snowparting Blade - Charged Skill DMG Boost,斬雪刀法・蓄力技增傷,,,만설의 참격 - 차지 스킬 피해 증가,,,,,,,
system.attunement.snowpartingMartialBoost,Snowparting Blade - Martial Art Skill DMG Boost,斬雪刀法・武學技增傷,,,만설의 참격 - 무술 스킬 피해 증가,,,,,,,
system.attunement.snowpartingVariedComboBoost,Snowparting Blade - Light/Heavy Attack Varied Combo DMG Boost,斬雪刀法・輕重擊派生技增傷,,,만설의 참격 - 약/강공격 연계 스킬 피해 증가,,,,,,,
system.attunement.soulshadeMartialHealingBoost,Soulshade Umbrella - Martial Art Skill Healing Boost,,,,소생의 향 - 무술 스킬 치유 증가,,,,,,,
system.attunement.stormbreakerChargedBoost,Stormbreaker Spear - Charged Skill DMG Boost,八方風雷槍・蓄力技增傷,,,풍뢰의 징표 - 차지 스킬 피해 증가,,,,,,,
system.attunement.stormbreakerSpecialBoost,Stormbreaker Spear - Special Skill DMG Boost,八方風雷槍・特殊技增傷,,,풍뢰의 징표 - 특수 스킬 피해 증가,,,,,,,
system.attunement.thundercryChargedBoost,Thundercry Blade - Charged Skill DMG Boost,嗟夫刀法・蓄力技增傷,,,탄식의 검기 - 차지 스킬 피해 증가,,,,,,,
system.attunement.thundercryShieldBoost,Thundercry Blade - Shield Boost,嗟夫刀法・護盾增效,,,탄식의 검기 - 보호막 효과 증가,,,,,,,
system.attunement.thundercrySpecialBoost,Thundercry Blade - Special Skill DMG Boost,嗟夫刀法・特殊技增傷,,,탄식의 검기 - 특수 스킬 피해 증가,,,,,,,
system.attunement.unfetteredChargedBoost,Unfettered Rope Dart - Charged Skill DMG Boost,粟子行雲・蓄力技增傷,,,운진의 궤적 - 차지 스킬 피해 증가,,,,,,,
system.attunement.unfetteredMartialBoost,Unfettered Rope Dart - Martial Art Skill DMG Boost,粟子行雲・武學技增傷,,,운진의 궤적 - 무술 스킬 피해 증가,,,,,,,
system.attunement.unfetteredSpecialBoost,Unfettered Rope Dart - Special Skill DMG Boost,粟子行雲・特殊技增傷,,,운진의 궤적 - 특수 스킬 피해 증가,,,,,,,
system.critical,Critical,會心,,,치명타 확률,,,,,,,
system.damageType.bamboocut,Bamboocut,破竹,,,파죽,,,,,,,
system.damageType.bellstrike,Bellstrike,鳴金,,,명금,,,,,,,
system.damageType.martialArts,Martial Arts,武學技能,,,무술,,,,,,,
system.damageType.mystic,Mystic,奇術,,,비결,,,,,,,
system.damageType.other,Other,其他,,,,,,,,,,
system.damageType.physical,Physical,外功,,,외공,,,,,,,
system.damageType.silkbind,Silkbind,牽絲,,,견사,,,,,,,
system.damageType.stonesplit,Stonesplit,裂石,,,열석,,,,,,,
system.dps,DPS,秒傷,,,,,,,,,,
system.gearRarity.gold,Gold,金,,,신화,,,,,,,
system.gearRarity.purple,Purple,紫,,,전설,,,,,,,
system.gearSlot.bracer,Bracer,腕甲,,,완갑,,,,,,,
system.gearSlot.chestpiece,Chestpiece,胸甲,,,흉갑,,,,,,,
system.gearSlot.disc,Disc,環,,,환,,,,,,,
system.gearSlot.greaves,Greaves,脛甲,,,경갑,,,,,,,
system.gearSlot.helmet,Helmet,冠冑,,,투구,,,,,,,
system.gearSlot.leftWeapon,Left Weapon,左武,,,왼쪽무기,,,,,,,
system.gearSlot.pendant,Pendant,佩,,,패물,,,,,,,
system.gearSlot.rightWeapon,Right Weapon,右武,,,오른쪽 무기,,,,,,,
system.hps,HPS,每秒治療,,,,,,,,,,
system.innerWay.adaptiveSteel,Adaptive Steel,移經易武,,,무공의 경지,,,,,,,
system.innerWay.artOfResistance,Art of Resistance,抗造大法,,,저항의 법칙,,,,,,,
system.innerWay.battleAnthem,Battle Anthem,威猛歌,,,맹수의 포효,,,,,,,
system.innerWay.bitterSeasons,Bitter Seasons,所恨年年,,,천추의 한,,,,,,,
system.innerWay.breakingPoint,Breaking Point,斷石之構,,,파괴의 서막,,,,,,,
system.innerWay.empiricalEdge,Empirical Edge,三窮致知,,,만물의 통찰,,,,,,,
system.innerWay.envigoratedWarrior,Envigorated Warrior,征人歸,,,생명의 귀환,,,,,,,
system.innerWay.exquisiteScenery,Exquisite Scenery,山河絕韻,,,지축의 분노,,,,,,,
system.innerWay.fivefoldBleed,Fivefold Bleed,極樂泣血,,,핏빛찬가,,,,,,,
system.innerWay.frostCladNight,Frost-Clad Night,霜天白夜,,,서리 백야,,,,,,,
system.innerWay.lightAndShadowAlike,Light and Shadow Alike,明晦同塵,,,빛과 그림자,,,,,,,
system.innerWay.moraleChant,Morale Chant,易水歌,,,결의의 노래,,,,,,,
system.innerWay.sandswirlTail,Sandswirl Tail,沙擺尾,,,사막의 춤,,,,,,,
system.innerWay.seasonalEdge,Seasonal Edge,四時無常,,,계절의 순환,,,,,,,
system.innerWay.shadowAssault,Shadow Assault,山月無影,,,월하의 섬광,,,,,,,
system.innerWay.skyGripped,Sky Gripped,擒天勢,,,속박의 기세,,,,,,,
system.innerWay.soaringHigh,Soaring High,扶搖直上,,,날아오르기,,,,,,,
system.innerWay.steadfastDevotion,Steadfast Devotion,孤忠不辭,,,외로운 충성,,,,,,,
system.innerWay.throatPiercingArt,Throat-Piercing Art,穿喉訣,,,관목결,,,,,,,
system.martialArt.everspringUmbrella,Everspring Umbrella,醉夢遊春,,,일장춘몽,,,,,,,
system.martialArt.heavenQuakerSpear,HeavenQuaker Spear,九曲驚神槍,,,격류의 파동,,,,,,,
system.martialArt.heavenwillGauntlets,Heavenwill Gauntlets,天志垂象,,,천지의 주먹,,,,,,,
system.martialArt.infernalTwinblades,Infernal Twinblades,泥犁三垢,,,윤회의 가르침,,,,,,,
system.martialArt.inkwellFan,Inkwell Fan,青山執筆,,,청산의 정수,,,,,,,
system.martialArt.mortalRopeDart,Mortal Rope Dart,粟子遊塵,,,속세의 지혜,,,,,,,
system.martialArt.namelessSpear,Nameless Spear,無名槍法,,,무명 창법,,,,,,,
system.martialArt.namelessSword,Nameless Sword,無名劍法,,,무명 검법,,,,,,,
system.martialArt.panaceaFan,Panacea Fan,明川藥典,,,천계의 수호,,,,,,,
system.martialArt.phalanxbaneBlade,Phalanxbane Blade,十方破陣,,,십방파진,,,,,,,
system.martialArt.skygraspRopeDart,Skygrasp Rope Dart,千機索天,,,천기의 사슬,,,,,,,
system.martialArt.snowpartingBlade,Snowparting Blade,斬雪刀法,,,만설의 참격,,,,,,,
system.martialArt.soulshadeUmbrella,Soulshade Umbrella,千香引魂蠱,,,소생의 향,,,,,,,
system.martialArt.stormbreakerSpear,Stormbreaker Spear,八方風雷槍,,,풍뢰의 징표,,,,,,,
system.martialArt.strategicSword,Strategic Sword,積矩九劍,,,구현의 검무,,,,,,,
system.martialArt.thundercryBlade,Thundercry Blade,嗟夫刀法,,,탄식의 검기,,,,,,,
system.martialArt.unfetteredRopeDart,Unfettered Rope Dart,粟子行雲,,,운진의 궤적,,,,,,,
system.martialArt.vernalUmbrella,Vernal Umbrella,九重春色,,,봄의 선율,,,,,,,
system.normal,Normal,普傷,,,일반,,,,,,,
system.path.deluge,Deluge,霖,,,림,,,,,,,
system.path.jade,Jade,玉,,,옥,,,,,,,
system.path.splendor,Splendor,虹,,,홍,,,,,,,
system.path.umbra,Umbra,影,,,영,,,,,,,
system.path.wind,Wind,風,,,풍,,,,,,,
system.resource.heavensWill,Heaven's Will,天志,,,천지,,,,,,,
system.resource.vitality,Vitality,精元,,,,,,,,,,
system.setPieces.0,0,0,,,,,,,,,,
system.setPieces.2,2,2,,,,,,,,,,
system.setPieces.4,4,4,,,,,,,,,,
system.totalDamage,Total Damage,總傷害,,,총 피해량,,,,,,,
system.totalHealing,Total Healing,總治療量,,,총 치유량,,,,,,,
system.weapon.dualBlades,Dual Blades,雙刀,,,쌍도,,,,,,,
system.weapon.fan,Fan,扇,,,부채,,,,,,,
system.weapon.gauntlet,Gauntlet,手甲,,,권갑,,,,,,,
system.weapon.hengBlade,Heng Blade,橫刀,,,횡도,,,,,,,
system.weapon.moBlade,Mo Blade,陌刀,,,맥도,,,,,,,
system.weapon.ropeDart,Rope Dart,繩鏢,,,승표,,,,,,,
system.weapon.spear,Spear,槍,,,창,,,,,,,
system.weapon.sword,Sword,劍,,,검,,,,,,,
system.weapon.umbrella,Umbrella,傘,,,우산,,,,,,,
ui.app.accuracyMatters,Accuracy matters.,準確性至關重要。,,,,,,,,,,
ui.app.actions,Actions,操作,,,,,,,,,,
ui.app.active,Active,使用中,,,활성화,,,,,,,
ui.app.activeRotation,Active rotation,使用中的循環,,,로테이션 활성화,,,,,,,
ui.app.add,Add,新增,,,추가,,,,,,,
ui.app.addAlternative,Add alternative,新增替代條件,,,대체 추가,,,,,,,
ui.app.addCondition,Add condition,新增條件,,,조건 추가,,,,,,,
ui.app.addEffect,Add effect,新增效果,,,효과 추가,,,,,,,
ui.app.addOr,Add OR,新增「或」,,,,,,,,,,
ui.app.addStack,Add stack,新增層數,,,,,,,,,,
ui.app.addStepBelow,Add step below,在下方新增步驟,,,,,,,,,,
ui.app.all,All,全部,,,전체,,,,,,,
ui.app.allConditionsMustPass,(all conditions must pass),（所有條件皆須符合）,,,,,,,,,,
ui.app.allStacks,All stacks,所有層數,,,,,,,,,,
ui.app.amount,Amount,數量,,,수량,,,,,,,
ui.app.andGroup,AND group,「且」群組,,,,,,,,,,
ui.app.armorSet,Armor Set,防具套裝,,,장비 세트,,,,,,,
ui.app.arsenal,Arsenal,武庫,,,무기고,,,,,,,
ui.app.attributeBonus,Attribute Bonus,屬性加成,,,속성 보너스,,,,,,,
ui.app.attributeResistance,Attribute Resistance:,屬性抗性：,,,속성 저항,,,,,,,
ui.app.attunementStats,Attunement Stats,定音,,,정음,,,,,,,
ui.app.attunementStatsPriority,Attunement Stats Priority,定音優先級,,,정음 중요도,,,,,,,
ui.app.authorGreydustWwmIgnGreydustDiscord,Author: greydust (WWM IGN) / greydust (Discord),作者：greydust（燕雲十六聲）／greydust（Discord）,,,,,,,,,,
ui.app.autoHp,Auto HP,自動氣血,,,,,,,,,,
ui.app.averageDps,Average DPS,平均秒傷,,,평균 DPS,,,,,,,
ui.app.averageHps,Average HPS,平均每秒治療,,,평균 HPS,,,,,,,
ui.app.averageStack,Average stack,平均層數,,,,,,,,,,
ui.app.avgCastTime,Avg Cast Time,平均施放時間,,,,,,,,,,
ui.app.baseAttributes,Base Attributes:,基礎屬性：,,,,,,,,,,
ui.app.bowRingSet,Bow/Ring Set,弓玦,,,활/깍지 세트,,,,,,,
ui.app.breakthrough,Breakthrough,突破,,,돌파 레벨,,,,,,,
ui.app.breakthroughDetails,Breakthrough details,突破詳情,,,돌파 상세,,,,,,,
ui.app.buff,Buff,增益,,,버프,,,,,,,
ui.app.buffCoverage,Buff Coverage,增益覆蓋率,,,,,,,,,,
ui.app.buffStacks,Buff stacks,增益層數,,,버프 스택,,,,,,,
ui.app.buffToApply,Buff to apply,要施加的增益,,,버프 추가,,,,,,,
ui.app.build,Build,配裝,,,빌드,,,,,,,
ui.app.buildSimulateAndOptimizeForWhereWindsMeet,"Build, simulate, and optimize for Where Winds Meet.",為《燕雲十六聲》建立配裝、模擬並最佳化。,,,,,,,,,,
ui.app.calculated,Calculated,計算值,,,계산됨,,,,,,,
ui.app.casts,Casts,施放次數,,,시전,,,,,,,
ui.app.castTime,Cast Time,施放時間,,,시전시간,,,,,,,
ui.app.category,Category,分類,,,카테고리,,,,,,,
ui.app.characterProfile,Character profile,角色設定檔,,,캐릭터 프로필,,,,,,,
ui.app.characterProfiles,Character Profiles,角色設定檔,,,캐릭터 프로필,,,,,,,
ui.app.characterStats,Character Stats,角色屬性,,,캐릭터 스탯,,,,,,,
ui.app.close,Close,關閉,,,닫기,,,,,,,
ui.app.closeCharacterProfiles,Close character profiles,關閉角色設定檔,,,닫기,,,,,,,
ui.app.closeReadableRotation,Close readable rotation,關閉易讀循環,,,닫기,,,,,,,
ui.app.coefficient,Coefficient,係數,,,계수,,,,,,,
ui.app.collapse,Collapse,收合,,,합산,,,,,,,
ui.app.combatPath,Combat path,戰鬥流派,,,전투 유파,,,,,,,
ui.app.commaSeparated,(comma separated),（以逗號分隔）,,,,,,,,,,
ui.app.cooldown,Cooldown,冷卻時間,,,쿨타임,,,,,,,
ui.app.copied,Copied,已複製,,,복사됨,,,,,,,
ui.app.copy,Copy,複製,,,복사,,,,,,,
ui.app.currentSelfHp,Current self HP,目前自身氣血,,,기초기혈최대치,,,,,,,
ui.app.damage,Damage,傷害,,,피해,,,,,,,
ui.app.damageTaken,Damage taken,承受傷害,,,받은 피해,,,,,,,
ui.app.debuff,Debuff,減益,,,디버프,,,,,,,
ui.app.debuffCoverage,Debuff Coverage,減益覆蓋率,,,,,,,,,,
ui.app.debuffStacks,Debuff stacks,減益層數,,,디버프 스택,,,,,,,
ui.app.debuffToApply,Debuff to apply,要施加的減益,,,디버프 추가,,,,,,,
ui.app.default,Default,預設,,,기본,,,,,,,
ui.app.defense,Defense:,防禦：,,,방어,,,,,,,
ui.app.delete,Delete,刪除,,,삭제,,,,,,,
ui.app.deleteNamedRotationConfirmation,Delete rotation “{name}”?,刪除循環「{name}」？,,,,,,,,,,
ui.app.deleteStack,Delete stack,刪除層數,,,,,,,,,,
ui.app.deleteStep,Delete step,刪除步驟,,,,,,,,,,
ui.app.description,Description,說明,,,설명,,,,,,,
ui.app.dev,Dev,開發模式,,,개발자 모드,,,,,,,
ui.app.direct,direct,直接,,,추가,,,,,,,
ui.app.distance,Distance,距離,,,거리,,,,,,,
ui.app.distanceAfterMove,Distance after move,移動後距離,,,이동 후 거리,,,,,,,
ui.app.divinecraft,Divinecraft,天工,,,천공,,,,,,,
ui.app.divinecraftUnavailableBadge,Not available yet,尚未開放,,,아직 출시 전,,,,,,,
ui.app.done,Done,完成,,,완료,,,,,,,
ui.app.dpsBreakdown,{dps} Breakdown,{dps}分析,,,{dps}분석,,,,,,,
ui.app.duplicate,Duplicate,複製,,,복제,,,,,,,
ui.app.duration,Duration,持續時間,,,길이,,,,,,,
ui.app.editRotationName,Edit rotation name,編輯循環名稱,,,로테이션 이름 수정,,,,,,,
ui.app.effect,Effect,效果,,,효과,,,,,,,
ui.app.effectiveAffinity,Effective Affinity,生效會意,,,적용 각성 확률,,,,,,,
ui.app.effectiveCritical,Effective Critical,生效會心,,,적용 치명타 확률,,,,,,,
ui.app.effectiveMaxAttack,Eff. Max {name} ATK,生效最大{name}攻擊,,,적용 최대 {name} 공격,,,,,,,
ui.app.effectiveMinAttack,Eff. Min {name} ATK,生效最小{name}攻擊,,,적용 최소 {name} 공격,,,,,,,
ui.app.effectiveNamedStat,Effective {name},生效{name},,,적용{name},,,,,,,
ui.app.effectivePrecision,Effective Precision,生效精準,,,적용 정확도,,,,,,,
ui.app.effects,Effects,效果,,,효과,,,,,,,
ui.app.effectValueType,Effect value type,效果值類型,,,효과값 타입,,,,,,,
ui.app.expand,Expand,展開,,,확장,,,,,,,
ui.app.expectedHawkwingStacks,Expected Hawkwing stacks,預期鷹揚層數,,,예상 속공 스택,,,,,,,
ui.app.export,Export,匯出,,,내보내기,,,,,,,
ui.app.finalAffinity,Final Affinity,最終會意,,,최종 각성 확률,,,,,,,
ui.app.finalCritical,Final Critical,最終會心,,,최종 치명타 확률,,,,,,,
ui.app.firstAvailable,First available,第一個可用項目,,,첫번째 활성화,,,,,,,
ui.app.firstTick,First Tick,首次觸發,,,첫번째 틱,,,,,,,
ui.app.food,Food,食物,,,음식,,,,,,,
ui.app.gearTier,Gear Tier:,裝備階級：,,,장비 티어,,,,,,,
ui.app.github,GitHub,Github,,,,,,,,,,
ui.app.globalBuffsDebuffs,Global Buffs/Debuffs,全局增減益,,,팀원 버프/디버프,,,,,,,
ui.app.graduationRate,Graduation Rate,,,,,,,,,,,
ui.app.graduationRateDescription,"Graduation Rate measures how close your build is to the theoretical best-in-slot (BiS) setup. Because different rotations can have different theoretical BiS setups, this value is only a rough estimate of your current build's progression. It is not intended for calculations or as a prediction of real-combat performance.",,,,,,,,,,,
ui.app.graduationRateDetails,Graduation Rate details,,,,,,,,,,,
ui.app.healing,Healing,治療量,,,힐링,,,,,,,
ui.app.heals,Heals,治療次數,,,치유,,,,,,,
ui.app.hits,Hits,命中次數,,,타격,,,,,,,
ui.app.hp,HP,氣血,,,기혈,,,,,,,
ui.app.import,Import,匯入,,,가져오기,,,,,,,
ui.app.importCharacterProfiles,Import character profiles,匯入角色資料,,,캐릭터 프로필 가져오기,,,,,,,
ui.app.importRotations,Import rotations,匯入循環,,,로테이션 가져오기,,,,,,,
ui.app.infiniteVitality,Infinite Vitality,無限精元,,,,,,,,,,
ui.app.innerWayNumber,Inner way {number},心法 {number},,,심법 {number},,,,,,,
ui.app.innerWays,Inner Ways,心法,,,심법,,,,,,,
ui.app.innerWaysPriority,Inner Ways Priority,心法優先級,,,심법 중요도,,,,,,,
ui.app.innerWayTierNumber,Inner way {number} tier,心法 {number} 階級,,,심법 {number} 티어,,,,,,,
ui.app.interval,Interval,間隔,,,간격,,,,,,,
ui.app.judgementResistance,Judgement Resistance:,裁決抗性：,,,저항판정,,,,,,,
ui.app.language,Language,語言,,,언어,,,,,,,
ui.app.layout,Layout,版面配置,,,레이아웃,,,,,,,
ui.app.load,Load,讀取,,,불러오기,,,,,,,
ui.app.m,m,公尺,,,미터,,,,,,,
ui.app.main,Main,主頁,,,메인,,,,,,,
ui.app.mainSections,Main sections,主要區段,,,메인 섹션,,,,,,,
ui.app.makeActive,Make Active,設為使用中,,,활성화하기,,,,,,,
ui.app.manualCopyInstruction,Select the text and copy it manually.,選取文字並手動複製。,,,텍스트를 선택하고 수동으로 복사하세요.,,,,,,,
ui.app.martialArtToSwitchTo,Martial art to switch to,要切換的武學,,,전환할 무술,,,,,,,
ui.app.maxRoll,Max Roll,最大數值,,,최대치,,,,,,,
ui.app.maxStack,Max Stack,最大層數,,,최대스택,,,,,,,
ui.app.mobile,Mobile,手機版,,,모바일,,,,,,,
ui.app.modifiers,Modifiers,修正項,,,수정,,,,,,,
ui.app.moveDown,Move down,下移,,,아래로,,,,,,,
ui.app.moveEventToNextAction,Move event to next action,將事件移至下一個動作,,,다음 작업으로 이동,,,,,,,
ui.app.moveEventToPreviousAction,Move event to previous action,將事件移至上一個動作,,,이전 작업으로 이동,,,,,,,
ui.app.moveStackDown,Move stack down,將層數下移,,,아래로 이동,,,,,,,
ui.app.moveStackUp,Move stack up,將層數上移,,,위로 이동,,,,,,,
ui.app.moveUp,Move up,上移,,,위로 이동,,,,,,,
ui.app.multiplier,Multiplier,乘數,,,승수,,,,,,,
ui.app.name,Name,名稱,,,이름,,,,,,,
ui.app.namedSkills,{name} skills,{name}技能,,,{name}스킬,,,,,,,
ui.app.newCharacterProfileName,New character profile name,新角色設定檔名稱,,,새로운 캐릭터 이름,,,,,,,
ui.app.newRotation,New Rotation,新循環,,,새로운 로테이션,,,,,,,
ui.app.no,No,否,,,아니오,,,,,,,
ui.app.noEffects,No effects,無效果,,,이펙트 없음,,,,,,,
ui.app.none,None,無,,,없음,,,,,,,
ui.app.noRequirements,No requirements,無需求,,,필수 조건 없음,,,,,,,
ui.app.noRotationsMatchTheSelectedMartialArtsAdd,No rotations match the selected martial arts. Add a rotation to begin.,沒有符合所選武學的循環。請新增循環以開始。,,,선택한 무술에 해당하는 로테이션이 없습니다. 시작하려면 로테이션을 추가하세요.,,,,,,,
ui.app.noStackEffectsYet,No stack effects yet.,尚無層數效果。,,,아직 스택 효과가 없습니다,,,,,,,
ui.app.notAvailableYet,Not available yet.,尚未開放。,,,아직 활성화 되지 않았습니다.,,,,,,,
ui.app.notSpecified,Not specified,未指定,,,미지정,,,,,,,
ui.app.off,Off,關閉,,,끄기,,,,,,,
ui.app.on,On,開啟,,,켜기,,,,,,,
ui.app.openTheRotationEditorToCalculatePriority,Open the Rotation Editor to calculate priority.,開啟循環編輯器以計算優先度。,,,우선순위를 계산하려면 로테이션 에디터를 엽니다.,,,,,,,
ui.app.openTheRotationEditorToCalculateTheActive,Open the Rotation Editor to calculate the active rotation.,開啟循環編輯器以計算使用中的循環。,,,로테이션 에디터를 열어 활성화된 로테이션을 계산합니다.,,,,,,,
ui.app.orGroup,OR group,「或」群組,,,,,,,,,,
ui.app.parameter,Parameter,參數,,,,,,,,,,
ui.app.pc,PC,電腦版,,,,,,,,,,
ui.app.perCast,Per Cast,每次,,,,,,,,,,
ui.app.perCastBreakdown,Per Cast Breakdown,每次施放分析,,,,,,,,,,
ui.app.percentage,Percentage,百分比,,,퍼센트,,,,,,,
ui.app.perSkillBreakdown,Per Skill Breakdown,每項技能分析,,,,,,,,,,
ui.app.physicalAndAttributeBreakdown,Physical and Attribute Breakdown,外功與屬性分析,,,,,,,,,,
ui.app.physicalBonus,Physical Bonus,外功固定加成,,,외공 보너스,,,,,,,
ui.app.physicalCoefficient,Physical Coefficient,外功係數,,,외공계수,,,,,,,
ui.app.physicalResistance,Physical Resistance:,外功抗性：,,,외공저항,,,,,,,
ui.app.plannerOnly,Planner Only,僅供規劃,,,개발자 전용,,,,,,,
ui.app.precision,Precision:,精準率：,,,정확도,,,,,,,
ui.app.profileImportError,The character profile file could not be imported.,無法匯入角色設定檔。,,,캐릭터 프로필 파일을 가져올 수 없습니다.,,,,,,,
ui.app.profileName,Profile name,設定檔名稱,,,프로필 이름,,,,,,,
ui.app.profiles,Profiles,設定檔,,,프로필,,,,,,,
ui.app.profileSaved,Saved {name}.,已儲存 {name}。,,,저장됨 {name}.,,,,,,,
ui.app.profilesExported,Exported {count} profiles.,已匯出 {count} 個設定檔。,,,{count} 프로필 가져와짐.,,,,,,,
ui.app.profilesImported,Imported {count} profiles.,已匯入 {count} 個設定檔。,,,{count} 프로필 내보내짐.,,,,,,,
ui.app.profilesSaveModifiedStatsAndTheCompleteMain,Profiles save modified stats and the complete Main-tab setup.,設定檔會儲存修改過的屬性及完整的主頁設定。,,,프로필에는 수정된 통계 정보와 ‘메인’ 탭의 전체 설정이 저장됩니다.,,,,,,,
ui.app.qi,Qi,真氣,,,진기,,,,,,,
ui.app.readableFormat,Readable Format,易讀格式,,,읽기모드,,,,,,,
ui.app.readableRotation,Readable rotation,易讀循環,,,로테이션 읽기모드,,,,,,,
ui.app.reapply,Reapply,重新施加,,,재추가,,,,,,,
ui.app.recalculatingProgress,Recalculating… {percentage}%,重新計算中… {percentage}%,,,다시계산중… {percentage}%,,,,,,,
ui.app.recordSaveError,Could not save this record.,無法儲存此項目。,,,이 기록을 저장할 수 없습니다.,,,,,,,
ui.app.refreshDuration,Refresh Duration,刷新持續時間,,,새로고침,,,,,,,
ui.app.remove,Remove,移除,,,제거,,,,,,,
ui.app.removeAlternative,Remove alternative,移除替代條件,,,대체 제거,,,,,,,
ui.app.removeCondition,Remove condition,移除條件,,,조건 제거,,,,,,,
ui.app.removeEffect,Remove effect,移除效果,,,효과 제거,,,,,,,
ui.app.removeNamedEffect,Remove {name},移除{name},,,{name} 제거,,,,,,,
ui.app.removeNamedRotation,Remove {name},移除{name},,,{name} 제거,,,,,,,
ui.app.removeRotation,Remove rotation,移除循環,,,로테이션 제거,,,,,,,
ui.app.removeThresholdNumber,Remove threshold {number},移除門檻 {number},,,임계값 {number} 제거,,,,,,,
ui.app.renameNamedProfile,Rename {name},重新命名{name},,,수정{name},,,,,,,
ui.app.reportAnyDamageDiscrepancy,Report any damage discrepancy.,請回報任何傷害差異。,,,잘못된 데미지 수치 제보하기,,,,,,,
ui.app.requirements,Requirements,需求,,,필요,,,,,,,
ui.app.reset,Reset,重設,,,리셋,,,,,,,
ui.app.resetArsenal,Reset Arsenal,重設武庫,,,무기고 리셋,,,,,,,
ui.app.resetBowRingSet,Reset Bow/Ring Set,重設弓／玦套裝,,,활/깍지 세트 리셋,,,,,,,
ui.app.resetInnerWays,Reset Inner Ways,重設心法,,,심법 리셋,,,,,,,
ui.app.resetNamedValue,Reset {name},重設{name},,,{name}리셋,,,,,,,
ui.app.resetPeriodOnRefresh,Reset Period on Refresh,刷新時重設週期,,,새로 고침 시 재설정,,,,,,,
ui.app.resetToBuildValue,Reset to build value,重設為配裝值,,,값 재설정,,,,,,,
ui.app.resetToCalculatedValue,Reset to calculated value,重設為計算值,,,계산값 재설정,,,,,,,
ui.app.resolveAtSkillStart,Resolve at skill start,在技能開始時決定,,,스킬 시작 시 해결,,,,,,,
ui.app.rotation,Rotation,循環,,,로테이션,,,,,,,
ui.app.rotationEditor,Rotation Editor,循環編輯器,,,로테이션 에디터,,,,,,,
ui.app.rotationImportError,The rotation file could not be imported.,無法匯入循環檔案。,,,로테이션 파일을 가져올 수 없습니다.,,,,,,,
ui.app.rotationNameRequired,Rotation name is required.,必須輸入循環名稱。,,,로테이션 이름을 입력해야 합니다.,,,,,,,
ui.app.rotations,Rotations,循環,,,로테이션,,,,,,,
ui.app.rotationsExported,Exported {count} rotations.,已匯出 {count} 個循環。,,,{count} 로테이션 내보내짐.,,,,,,,
ui.app.rotationsImported,Imported {count} rotations.,已匯入 {count} 個循環。,,,{count} 로테이션 가져와짐.,,,,,,,
ui.app.s,s,秒,,,초,,,,,,,
ui.app.save,Save,儲存,,,저장,,,,,,,
ui.app.saveCurrent,Save current,儲存目前項目,,,저장,,,,,,,
ui.app.savedForThisSession,Saved,已儲存,,,저장됨,,,,,,,
ui.app.script,Script,帖,,,첩,,,,,,,
ui.app.segmentValueNumber,Segment value {number},分段值 {number},,,분리값 {number},,,,,,,
ui.app.segmentValues,Segment values,分段值,,,분리값,,,,,,,
ui.app.selectASkill,Select a skill,選擇技能,,,스킬 선택,,,,,,,
ui.app.selectThisRotationAndSwitchToItsMartial,Select this rotation and switch to its martial arts,選擇此循環並切換至其武學,,,이 로테이션을 선택하고 해당 무술로 전환하세요,,,,,,,
ui.app.selfHp,Self HP,自身氣血,,,기혈,,,,,,,
ui.app.setFightStartHere,Set fight start here,將戰鬥起點設於此處,,,시작 지점 설정,,,,,,,
ui.app.settings,Settings,設定,,,설정,,,,,,,
ui.app.shortName,Short Name,簡稱,,,약칭,,,,,,,
ui.app.simulation,Simulation,模擬,,,시뮬레이션,,,,,,,
ui.app.singleName,Single name,單一名稱,,,단일 명칭,,,,,,,
ui.app.skill,Skill,技能,,,스킬,,,,,,,
ui.app.skillCategories,Skill categories,技能分類,,,스킬 카테고리,,,,,,,
ui.app.skillEditor,Skill Editor,技能編輯器,,,스킬 에디터,,,,,,,
ui.app.skillFallback,skill,技能,,,스킬,,,,,,,
ui.app.skillOrEvent,Skill or event,技能或事件,,,스킬 또는 이벤트,,,,,,,
ui.app.skillsBeforeTheStartUseARoundedPre,Skills before the start use a rounded pre-fight countdown in 0.5-second increments.,戰鬥開始前的技能使用以 0.5 秒為單位四捨五入的倒數時間。,,,시작 전 스킬은 0.5초 단위로 반올림된 전투 전 카운트다운을 사용합니다.,,,,,,,
ui.app.skillTypeBreakdown,Skill Type Breakdown,技能類型分析,,,스킬 타입별 분석,,,,,,,
ui.app.sLeft,{number}s left,剩餘{number}秒,,,{number}초 남음,,,,,,,
ui.app.stack,Stack,層數,,,스택,,,,,,,
ui.app.stackEffectCountNoun,effect,效果,,,효과,,,,,,,
ui.app.stackEffects,Stack Effects,層數效果,,,스택 효과,,,,,,,
ui.app.stackEffectsNumber,Stack {number} effects,第 {number} 層效果,,,{number} 스택 효과,,,,,,,
ui.app.startTime,Start Time,開始時間,,,시작시간,,,,,,,
ui.app.statsPriority,Stats Priority,屬性優先度,,,스탯 중요도,,,,,,,
ui.app.steps,steps ·,步驟・,,,스텝,,,,,,,
ui.app.sTotalTime,s total time,秒總時間,,,전체시간,,,,,,,
ui.app.tags,Tags,標籤,,,태그,,,,,,,
ui.app.target,Target,目標,,,목표,,,,,,,
ui.app.targetHp,Target HP,目標氣血,,,목표 기혈,,,,,,,
ui.app.targetHpPercentage,Target HP percentage,目標氣血百分比,,,목표 기혈 퍼센트,,,,,,,
ui.app.targetQiPercentage,Target Qi percentage,目標真氣百分比,,,목표 진기 퍼센트,,,,,,,
ui.app.thisIsAPrebuiltDefaultRotationAndCannot,This is a prebuilt default rotation and cannot be changed. Duplicate it to edit.,這是預建的預設循環，無法修改。請複製後再編輯。,,,이것은 미리 설정된 기본 로테이션 순서이며 변경할 수 없습니다. 편집하려면 이 항목을 복사하십시오.,,,,,,,
ui.app.thresholdNumber,Threshold {number},門檻 {number},,,임계값 {number},,,,,,,
ui.app.thresholds,Thresholds,門檻,,,임계값,,,,,,,
ui.app.throughputDeltaHeader,Δ {throughput},Δ {throughput},,,Δ {throughput},,,,,,,
ui.app.throughputPercentageHeader,% {throughput},% {throughput},,,% {throughput},,,,,,,
ui.app.time,Time,時間,,,시간,,,,,,,
ui.app.timeCoverage,Time Coverage,時間覆蓋率,,,,,,,,,,
ui.app.toggleNamedSkillActions,{action} {name} actions,{action}{name}的動作,,,{action}{name} 동작,,,,,,,
ui.app.total,Total,總計,,,합계,,,,,,,
ui.app.triggeredSkill,Triggered skill,觸發技能,,,트리거 스킬,,,,,,,
ui.app.triggers,Triggers,觸發,,,트리거,,,,,,,
ui.app.type,Type,類型,,,타입,,,,,,,
ui.app.unavailable,(unavailable),（不可用）,,,(사용 불가),,,,,,,
ui.app.unsavedChanges,Unsaved changes,未儲存的變更,,,저장되지 않은 변경 사항,,,,,,,
ui.app.upToDate,Up to date,已是最新,,,최신 업데이트,,,,,,,
ui.app.value,Value,數值,,,값,,,,,,,
ui.app.valueMode,Value mode,數值模式,,,값 모드,,,,,,,
ui.app.valuePerStack,Value per stack,每層數值,,,스택 별 값,,,,,,,
ui.app.valuesCommaSeparated,Values (comma separated),數值（以逗號分隔）,,,,,,,,,,
ui.app.weaponSet,Weapon Set,武器套裝,,,무기 세트,,,,,,,
ui.app.whereBuildsMeet,Where Builds Meet,Where Builds Meet,,,,,,,,,,
ui.app.wip,WIP,開發中,,,수정중,,,,,,,
ui.app.wrapped,wrapped,已換行,,,결산,,,,,,,
ui.app.yet,yet.,尚未。,,,아직,,,,,,,
ui.buildTab.activeBuild,Active build,使用中的配裝,,,활성화된 빌드,,,,,,,
ui.buildTab.activeBuildAction,Active,使用中,,,활성화,,,,,,,
ui.buildTab.add,Add,新增,,,추가,,,,,,,
ui.buildTab.addGear,Add gear,新增裝備,,,,,,,,,,
ui.buildTab.additionalAffixAvailabilityError,Choose additional affixes available for this gear.,請選擇此裝備可用的額外詞條。,,,이 장비에 사용할 수 있는 추가 조율 옵션들을 선택하세요.,,,,,,,
ui.buildTab.additionalAffixesOptional,Additional affixes (optional),額外詞條（選填）,,,추가 조율 옵션 (선택),,,,,,,
ui.buildTab.additionalAffixNumber,Additional affix {number},額外詞條 {number},,,추가 조율 옵션 {number},,,,,,,
ui.buildTab.addNamedGear,Add {name} gear,新增{name}裝備,,,{name}장비 추가,,,,,,,
ui.buildTab.affixes,Affixes,詞條,,,조율옵션,,,,,,,
ui.buildTab.affixTotal,{number} total,共 {number} 條,,,{number} 합계,,,,,,,
ui.buildTab.andLogIn,and log in.,並登入。,,,로그인,,,,,,,
ui.buildTab.armorSet,Armor Set,防具套裝,,,장비세트,,,,,,,
ui.buildTab.arsenal,Arsenal,武庫,,,무기고,,,,,,,
ui.buildTab.attunement,Attunement,定音,,,정음,,,,,,,
ui.buildTab.attunementAvailabilityError,Choose an attunement available for the current path.,請選擇目前流派可用的定音。,,,현재 유파에서 사용할 수 있는 정음을 선택하십시오.,,,,,,,
ui.buildTab.attunementOptional,Attunement (optional),定音（選填）,,,정음 (선택),,,,,,,
ui.buildTab.baseAffix,Base affix,基礎詞條,,,초기 조율 옵션,,,,,,,
ui.buildTab.baseAffixAvailabilityError,Choose a base affix available for this gear.,請選擇此裝備可用的基礎詞條。,,,이 장비에 사용할 수 있는 초기 조율 옵션을 선택하세요.,,,,,,,
ui.buildTab.baseAffixValueError,Choose a base affix and enter a non-negative value.,請選擇基礎詞條並輸入非負數值。,,,초기 조율 옵션을 선택하고 0 이상의 값을 입력하세요.,,,,,,,
ui.buildTab.bookmarkletCopyPrompt,"Copy this, then paste it into Where Builds Meet:",複製此內容，然後貼到 Where Builds Meet：,,,"이 내용을 복사한 다음, ‘Where Builds Meet’에 붙여넣으세요:",,,,,,,
ui.buildTab.bookmarkletCopySuccess,Complete role data copied. Paste it into Where Builds Meet.,完整角色資料已複製。請貼到 Where Builds Meet。,,,데이터 복사가 완료되었습니다. 이 데이터를 ‘Where Builds Meet’에 붙여넣으세요.,,,,,,,
ui.buildTab.bookmarkletDashboardUnreachable,Could not reach the dashboard.,無法連線到儀表板。,,,대시보드에 접속할 수 없습니다,,,,,,,
ui.buildTab.bookmarkletNoGearData,The dashboard returned no gear data.,儀表板未傳回裝備資料。,,,대시보드에서 장비 관련 데이터가 표시되지 않았습니다.,,,,,,,
ui.buildTab.bookmarkletNotLoggedIn,"Not logged in. Open the official dashboard, sign in, then run this bookmark again.",尚未登入。請開啟官方儀表板並登入，然後再次執行此書籤。,,,"“로그인하지 않았습니다. 공식 대시보드를 열고 로그인한 다음, 이 북마크를 다시 실행해 주세요.”",,,,,,,
ui.buildTab.bookmarkletUnreadableData,The dashboard returned unreadable data.,儀表板傳回無法讀取的資料。,,,대시보드에서 읽을 수 없는 데이터가 반환되었습니다.,,,,,,,
ui.buildTab.bowRingSet,Bow/Ring Set,弓／玦套裝,,,활/깍지 세트,,,,,,,
ui.buildTab.build,build,配裝,,,빌드,,,,,,,
ui.buildTab.buildCountNoun,builds,個配裝,,,빌드,,,,,,,
ui.buildTab.buildInnerWay,Build inner way {number},配裝心法{number},,,빌드 심법{number},,,,,,,
ui.buildTab.buildInnerWayTier,Build inner way {number} tier,配裝心法{number}重,,,빌드 심법{number}티어,,,,,,,
ui.buildTab.builds,Builds,配裝,,,빌드,,,,,,,
ui.buildTab.buildSetup,Build setup,配裝設定,,,빌드셋업,,,,,,,
ui.buildTab.cancel,Cancel,取消,,,취소,,,,,,,
ui.buildTab.chooseAnotherImage,Choose another image,選擇其他圖片,,,다른 이미지를 선택하세요,,,,,,,
ui.buildTab.chooseImage,Choose image,選擇圖片,,,이미지를 선택하세요,,,,,,,
ui.buildTab.clickTheSavedBookmarkItCopiesYourEquipped,Click the saved bookmark. It copies your equipped gear data without copying your login token.,點擊已儲存的書籤。它會複製已裝備的裝備資料，不會複製登入權杖。,,,"저장된 북마크를 클릭하세요. 그러면 로그인 토큰은 복사하지 않고, 장착된 장비 데이터만 복사됩니다.",,,,,,,
ui.buildTab.clipboardImageError,The clipboard does not contain an image. Copy a screenshot and paste again.,剪貼簿中沒有圖片。請複製螢幕截圖後再貼上。,,,클립보드에 이미지가 없습니다. 스크린샷을 복사한 후 다시 붙여넣어 주세요.,,,,,,,
ui.buildTab.close,Close,關閉,,,닫기,,,,,,,
ui.buildTab.closeOfficialImport,Close official import,關閉官方匯入,,,공식 대시보드 가져오기 종료,,,,,,,
ui.buildTab.confirmDelete,Confirm Delete,確認刪除,,,삭제 확정,,,,,,,
ui.buildTab.confirmDeleteGear,Confirm delete gear,確認刪除裝備,,,장비 삭제 확정,,,,,,,
ui.buildTab.copyOfNamedBuild,Copy of {name},{name} 副本,,,{name} 복제,,,,,,,
ui.buildTab.dashboardImportError,The pasted dashboard data could not be imported.,無法匯入貼上的儀表板資料。,,,붙여넣은 대시보드 데이터를 가져올 수 없습니다.,,,,,,,
ui.buildTab.dashboardValidationError,Some dashboard gear did not pass build validation and was not imported.,部分儀表板裝備未通過配裝驗證，因此未被匯入。,,,대시보드의 일부 장비가 손상되어 불러오지 못했습니다.,,,,,,,
ui.buildTab.defaultPreset,Default preset,預設範本,,,기본 프리셋,,,,,,,
ui.buildTab.delete,Delete,刪除,,,삭제,,,,,,,
ui.buildTab.deleteGear,Delete gear,刪除裝備,,,장비 삭제,,,,,,,
ui.buildTab.deleteNamedBuildConfirmation,Delete build “{name}”?,刪除配裝「{name}」？,,,“{name}”빌드를 삭제 하시겠습니까?,,,,,,,
ui.buildTab.drag,Drag,拖曳,,,드래그,,,,,,,
ui.buildTab.dropAScreenshotOrDirectlyPaste,Drop a screenshot or directly paste,拖放螢幕截圖或直接貼上,,,스크린샷을 올려주시거나 직접 붙여넣어 주세요,,,,,,,
ui.buildTab.duplicateAffixError,Additional affixes cannot be duplicated.,額外詞條不可重複。,,,추가 조율 옵션은 중복될 수 없습니다.,,,,,,,
ui.buildTab.edit,Edit,編輯,,,수정,,,,,,,
ui.buildTab.editBuildName,Edit build name,編輯配裝名稱,,,빌드 이름 수정,,,,,,,
ui.buildTab.equip,Equip,裝備,,,장착,,,,,,,
ui.buildTab.equippedGear,Equipped Gear,已裝備的裝備,,,장착된 장비,,,,,,,
ui.buildTab.equippedGearStatus,Equipped,已裝備,,,장착됨,,,,,,,
ui.buildTab.exampleIncludeTheRarityColorGearTypeTier,"Example: include the rarity color, gear type, tier, every affix, and attunement.",範例：需包含稀有度顏色、裝備類型、階級、所有詞條及調律。,,,"“예시: 희귀도 색상, 장비 유형, 티어, 모든 조율 옵션, 그리고 정음을 포함하세요.”",,,,,,,
ui.buildTab.exampleMoBladeGearDetailsScreenshot,Example Mo Blade gear details screenshot,陌刀裝備詳細資料螢幕截圖範例,,,맥도 상세 정보 스크린샷 예시,,,,,,,
ui.buildTab.export,Export,匯出,,,내보내기,,,,,,,
ui.buildTab.exportWwmGear,Export WWM Gear,匯出《燕雲十六聲》裝備,,,연운 장비 내보내기,,,,,,,
ui.buildTab.fromImage,from image,自圖片,,,이미지 에서,,,,,,,
ui.buildTab.gear,gear,裝備,,,장비,,,,,,,
ui.buildTab.graduatePreset,Graduate preset,畢業範本,,,졸업 프리셋,,,,,,,
ui.buildTab.imageImportError,The image could not be imported.,無法匯入圖片。,,,이미지를 가져올 수 없습니다.,,,,,,,
ui.buildTab.imageTooLargeError,The image is larger than 15 MB. Crop or resize it and try again.,圖片超過 15 MB。請裁切或縮小後再試一次。,,,이미지 크기가 15MB를 초과합니다. 이미지를 잘라내거나 크기를 조정한 후 다시 시도해 주세요.,,,,,,,
ui.buildTab.import,Import,匯入,,,불러오기,,,,,,,
ui.buildTab.importBuildsAndGear,Import builds and gear,匯入配裝及裝備,,,장비 및 빌드 불러오기,,,,,,,
ui.buildTab.importEquippedGear,Import equipped gear,匯入已裝備的裝備,,,장착된 장비 불러오기,,,,,,,
ui.buildTab.importFromImage,Import from Image,從圖片匯入,,,이미지에서 불러오기,,,,,,,
ui.buildTab.importFromOfficial,Import from Official,從官方網站匯入,,,공식에서 불러오기,,,,,,,
ui.buildTab.importGear,Import Gear,匯入裝備,,,장비 불러오기,,,,,,,
ui.buildTab.innerWays,Inner Ways,心法,,,심법,,,,,,,
ui.buildTab.inventoryEditsAndDeletionsApplyToEveryBuild,inventory. Edits and deletions apply to every build.,共用裝備庫。編輯及刪除會套用至所有配裝。,,,인벤토리. 수정 및 삭제 사항은 모든 빌드에 적용됩니다.,,,,,,,
ui.buildTab.level,Level,等級,,,레벨,,,,,,,
ui.buildTab.loadingOcrModel,Loading OCR model,正在載入文字辨識模型,,,OCR 로딩 중,,,,,,,
ui.buildTab.makeActive,Make Active,設為使用中,,,활성화하기,,,,,,,
ui.buildTab.max,Max,最大值,,,최대,,,,,,,
ui.buildTab.namedType,{name} type,{name}類型,,,{name} 타입,,,,,,,
ui.buildTab.namedValue,{name} value,{name}數值,,,{name} 값,,,,,,,
ui.buildTab.newBuild,New Build,新配裝,,,새로운 빌드,,,,,,,
ui.buildTab.noAffixes,No affixes,沒有詞條,,,새로운 조율옵션,,,,,,,
ui.buildTab.noBuildsMatchTheSelectedMartialArts,No builds match the selected martial arts.,沒有符合所選武學的配裝。,,,선택한 무술과 일치하는 빌드가 없습니다.,,,,,,,
ui.buildTab.noGearEquipped,No gear equipped,未裝備任何裝備,,,장착된 장비가 없습니다,,,,,,,
ui.buildTab.none,None,無,,,없음,,,,,,,
ui.buildTab.officialDashboard,Official Dashboard,官方儀表板,,,공식 대시보드,,,,,,,
ui.buildTab.officialDashboardGearJson,Official dashboard gear JSON,官方儀表板裝備 JSON,,,공식 대시보드 장비 JSON,,,,,,,
ui.buildTab.officialWhereWindsMeetDashboard,official Where Winds Meet dashboard,《燕雲十六聲》官方儀表板,,,공식 연운 대시보드,,,,,,,
ui.buildTab.openThe,Open the,開啟,,,열기,,,,,,,
ui.buildTab.optionalAttributeError,Complete or clear each optional attribute.,請填完整或清除每個選填屬性。,,,각 선택적 속성을 입력하거나 비워 두십시오.,,,,,,,
ui.buildTab.pasteTheCopiedDashboardJsonHere,Paste the copied dashboard JSON here,在此貼上已複製的儀表板 JSON,,,복사한 대시보드 JSON을 여기에 붙여넣으세요,,,,,,,
ui.buildTab.percentageValuesAreEnteredAsPercentagePoints,Percentage values are entered as percentage points.,百分比數值請以百分點輸入。,,,퍼센트 값은 백분율 포인트 단위로 입력합니다.,,,,,,,
ui.buildTab.physicalAttack,Physical Attack,外功攻擊,,,외공공격,,,,,,,
ui.buildTab.pressCtrlVOrUsePngJpegOr,"Press Ctrl+V, or use PNG, JPEG, or WebP; up to 15 MB",按 Ctrl+V，或使用 PNG、JPEG 或 WebP；上限 15 MB,,,"“Ctrl+V를 누르거나 PNG, JPEG, WebP 파일을 사용하세요. 최대 15MB까지 가능합니다.”",,,,,,,
ui.buildTab.rarity,Rarity,稀有度,,,희귀도,,,,,,,
ui.buildTab.relayedGear,Relayed gear,調律裝備,,,승음 장비,,,,,,,
ui.buildTab.relayedOptionLabel,Relayed,已調律,,,승음,,,,,,,
ui.buildTab.removeNamedBuild,Remove {name},移除{name},,,{name}제거,,,,,,,
ui.buildTab.returnHereAndPasteTheCopiedJsonBelow,Return here and paste the copied JSON below.,返回此處並在下方貼上已複製的 JSON。,,,이곳으로 돌아와서 복사한 JSON을 아래에 붙여넣으세요.,,,,,,,
ui.buildTab.save,Save,儲存,,,저장,,,,,,,
ui.buildTab.saveChanges,Save Changes,儲存變更,,,변경점 저장,,,,,,,
ui.buildTab.selectAnAttribute,Select an attribute,選擇屬性,,,속성을 선택하세요,,,,,,,
ui.buildTab.selectASlotToEquipGearFromThe,Select a slot to equip gear from the shared inventory.,選擇欄位，以從共用裝備庫中裝備物品。,,,공유 인벤토리에서 장비를 장착할 슬롯을 선택하세요.,,,,,,,
ui.buildTab.selectedGearScreenshot,Selected gear screenshot,已選擇的裝備螢幕截圖,,,선택된 장비 스크린샷,,,,,,,
ui.buildTab.selectThisBuildAndSwitchToItsMartial,Select this build and switch to its martial arts,選擇此配裝並切換至其武學,,,이 빌드를 선택하고 해당 무술로 전환하세요,,,,,,,
ui.buildTab.shared,Shared,共用,,,공유,,,,,,,
ui.buildTab.theBookmarkRunsOnlyOnTheOfficialDashboard,The bookmark runs only on the official dashboard. Where Builds Meet receives only the JSON you paste here.,此書籤只會在官方儀表板上執行。Where Builds Meet 只會收到你在此貼上的 JSON。,,,이 북마크는 공식 대시보드에서만 실행됩니다. ‘Where Builds Meet’는 사용자가 여기에 붙여넣은 JSON만 불러옵니다.,,,,,,,
ui.buildTab.thisDefaultBuildUsesFixedPresetGearUse,This default build uses fixed preset gear. Use New Build to create your own build.,此預設配裝使用固定的範本裝備。請使用「新配裝」建立自己的配裝。,,,이 기본 빌드는 고정된 프리셋 장비를 사용합니다. ‘새 빌드’를 생성해서 나만의 빌드를 생성하세요.,,,,,,,
ui.buildTab.toYourBrowserBookmarksBar,to your browser bookmarks bar.,至瀏覽器書籤列。,,,브라우저의 북마크 바에 추가하세요.,,,,,,,
ui.buildTab.useAClearUncroppedGearDetailsScreenshotRecognition,"Use a clear, uncropped gear details screenshot. Recognition runs locally in your browser.",請使用清晰且未裁切的裝備詳細資料螢幕截圖。辨識會在你的瀏覽器本機執行。,,,“선명하고 잘리지 않은 기어 세부 정보 스크린샷을 사용해 주세요. 인식 처리는 브라우저 내에서 로컬로 수행됩니다.”,,,,,,,
ui.buildTab.usedIn,Used in,用於,,,사용하다,,,,,,,
ui.buildTab.value,Value,數值,,,값,,,,,,,
ui.buildTab.weaponSet,Weapon Set,武器套裝,,,무기세트,,,,,,,
ui.simulationTab.activeBuild,Active build,使用中的配裝,,,빌드 활성화,,,,,,,
ui.simulationTab.activeRotation,Active rotation,使用中的循環,,,로테이션 활성화,,,,,,,
ui.simulationTab.add,Add,新增,,,추가,,,,,,,
ui.simulationTab.addPercentile,Add Percentile,新增百分位數,,,백분위수 추가,,,,,,,
ui.simulationTab.best,Best,最佳,,,베스트,,,,,,,
ui.simulationTab.build,· Build:,・配裝：,,,빌드:,,,,,,,
ui.simulationTab.cancel,Cancel,取消,,,캔슬,,,,,,,
ui.simulationTab.current,Current,目前,,,현재,,,,,,,
ui.simulationTab.customPercentiles,Custom percentiles,自訂百分位數,,,커스텀 백분위수,,,,,,,
ui.simulationTab.deleteResult,Delete simulation result,刪除此模擬結果,,,시뮬레이션 값 제거,,,,,,,
ui.simulationTab.invalidCountError,Simulation count must be a positive whole number.,模擬次數必須是正整數。,,,시뮬레이션 횟수는 양의 정수여야 합니다.,,,,,,,
ui.simulationTab.median,Median,中位數,,,중앙값,,,,,,,
ui.simulationTab.outdated,Outdated,已過期,,,구식,,,,,,,
ui.simulationTab.p,P,P,,,,,,,,,,
ui.simulationTab.percentileDuplicateError,P{percentile} has already been added.,已新增 P{percentile}。,,,P{percentile}는 이미 추가되었습니다.,,,,,,,
ui.simulationTab.percentilePresetError,P{percentile} is already a preset result.,P{percentile} 已是預設結果。,,,P{percentile}은 이미 미리 설정된 결과입니다.,,,,,,,
ui.simulationTab.percentileRangeError,"Enter a percentile from 0 up to, but not including, 100.",請輸入大於或等於 0 且小於 100 的百分位數。,,,“0부터 100 미만(100은 포함하지 않음)까지의 백분위수를 입력하세요.”,,,,,,,
ui.simulationTab.progressRunsPrefix,runs (,次（,,,시작 (,,,,,,,
ui.simulationTab.removePercentile,Remove P{percentile},移除 P{percentile},,,P{percentile}제거,,,,,,,
ui.simulationTab.result,Result,結果,,,결과,,,,,,,
ui.simulationTab.rotation,Rotation:,循環：,,,로테이션,,,,,,,
ui.simulationTab.rotationPreparingError,The active rotation is still being prepared.,使用中的循環仍在準備中。,,,활성화된 로테이션은 아직 준비 중입니다.,,,,,,,
ui.simulationTab.runs,runs ·,次・,,,시작,,,,,,,
ui.simulationTab.s,s,秒,,,초,,,,,,,
ui.simulationTab.simulate,Simulate,開始模擬,,,시뮬레이션,,,,,,,
ui.simulationTab.simulationCount,Simulation count,模擬次數,,,시뮬레이션 수,,,,,,,
ui.simulationTab.simulationPercentileResults,Simulation percentile results,模擬百分位數結果,,,시뮬레이션 백분위수 결과,,,,,,,
